=== design-sync-scan.tests.ps1: RepoRoot=/Users/jrmag/Projects/active/sdd-forge-wt-phase4 ===
=== target script: /Users/jrmag/Projects/active/sdd-forge-wt-phase4/plugins/sdd-bootstrap/scripts/design-sync-scan.ps1 ===
=== bash available for cross-runtime rows: True ===

=== TEST-001 (AC-001): script exists, is directly invocable, requires an argument ===
FAIL: TEST-001a: /Users/jrmag/Projects/active/sdd-forge-wt-phase4/plugins/sdd-bootstrap/scripts/design-sync-scan.ps1 does not exist
FAIL: TEST-001b: expected exit 0 for a valid empty target dir, got 64. Output: 
Usage: pwsh[.exe] [-Login] [[-File] <filePath> [args]]
                  [-Command { - | <script-block> [-args <arg-array>]
                                | <string> [<CommandParameters>] } ]
                  [-CommandWithArgs <string> [<CommandParameters>]
                  [-ConfigurationName <string>] [-ConfigurationFile <filePath>]
                  [-CustomPipeName <string>] [-EncodedCommand <Base64EncodedCommand>]
                  [-ExecutionPolicy <ExecutionPolicy>] [-InputFormat {Text | XML}]
                  [-Interactive] [-MTA] [-NoExit] [-NoLogo] [-NonInteractive] [-NoProfile]
                  [-NoProfileLoadTime] [-OutputFormat {Text | XML}]
                  [-SettingsFile <filePath>] [-SSHServerMode] [-STA]
                  [-Version] [-WindowStyle <style>]
                  [-WorkingDirectory <directoryPath>]

       pwsh[.exe] -h | -Help | -? | /?

PowerShell Online Help https://aka.ms/powershell-docs

All parameters are case-insensitive.
The argument '/Users/jrmag/Projects/active/sdd-forge-wt-phase4/plugins/sdd-bootstrap/scripts/design-sync-scan.ps1' is not recognized as the name of a script file. Check the spelling of the name, or if a path was included, verify that the path is correct and try again.
ok: TEST-001c: zero-argument invocation does not succeed (a required first positional argument exists)

=== TEST-002 (AC-002): a finding nested >=2 directories deep is detected ===
FAIL: TEST-002a: expected exit 1, got 64. Output: The argument '/Users/jrmag/Projects/active/sdd-forge-wt-phase4/plugins/sdd-bootstrap/scripts/design-sync-scan.ps1' is not recognized as the name of a script file. Check the spelling of the name, or if a path was included, verify that the path is correct and try again.

Usage: pwsh[.exe] [-Login] [[-File] <filePath> [args]]
                  [-Command { - | <script-block> [-args <arg-array>]
                                | <string> [<CommandParameters>] } ]
                  [-CommandWithArgs <string> [<CommandParameters>]
                  [-ConfigurationName <string>] [-ConfigurationFile <filePath>]
                  [-CustomPipeName <string>] [-EncodedCommand <Base64EncodedCommand>]
                  [-ExecutionPolicy <ExecutionPolicy>] [-InputFormat {Text | XML}]
                  [-Interactive] [-MTA] [-NoExit] [-NoLogo] [-NonInteractive] [-NoProfile]
                  [-NoProfileLoadTime] [-OutputFormat {Text | XML}]
                  [-SettingsFile <filePath>] [-SSHServerMode] [-STA]
                  [-Version] [-WindowStyle <style>]
                  [-WorkingDirectory <directoryPath>]

       pwsh[.exe] -h | -Help | -? | /?

PowerShell Online Help https://aka.ms/powershell-docs

All parameters are case-insensitive.
FAIL: TEST-002b: nested finding file:line not reported. Output: The argument '/Users/jrmag/Projects/active/sdd-forge-wt-phase4/plugins/sdd-bootstrap/scripts/design-sync-scan.ps1' is not recognized as the name of a script file. Check the spelling of the name, or if a path was included, verify that the path is correct and try again.

Usage: pwsh[.exe] [-Login] [[-File] <filePath> [args]]
                  [-Command { - | <script-block> [-args <arg-array>]
                                | <string> [<CommandParameters>] } ]
                  [-CommandWithArgs <string> [<CommandParameters>]
                  [-ConfigurationName <string>] [-ConfigurationFile <filePath>]
                  [-CustomPipeName <string>] [-EncodedCommand <Base64EncodedCommand>]
                  [-ExecutionPolicy <ExecutionPolicy>] [-InputFormat {Text | XML}]
                  [-Interactive] [-MTA] [-NoExit] [-NoLogo] [-NonInteractive] [-NoProfile]
                  [-NoProfileLoadTime] [-OutputFormat {Text | XML}]
                  [-SettingsFile <filePath>] [-SSHServerMode] [-STA]
                  [-Version] [-WindowStyle <style>]
                  [-WorkingDirectory <directoryPath>]

       pwsh[.exe] -h | -Help | -? | /?

PowerShell Online Help https://aka.ms/powershell-docs

All parameters are case-insensitive.

=== TEST-003 (AC-003): one invocation, no flag, flags findings from >1 category ===
FAIL: TEST-003a: expected exit 1, got 64. Output: The argument '/Users/jrmag/Projects/active/sdd-forge-wt-phase4/plugins/sdd-bootstrap/scripts/design-sync-scan.ps1' is not recognized as the name of a script file. Check the spelling of the name, or if a path was included, verify that the path is correct and try again.

Usage: pwsh[.exe] [-Login] [[-File] <filePath> [args]]
                  [-Command { - | <script-block> [-args <arg-array>]
                                | <string> [<CommandParameters>] } ]
                  [-CommandWithArgs <string> [<CommandParameters>]
                  [-ConfigurationName <string>] [-ConfigurationFile <filePath>]
                  [-CustomPipeName <string>] [-EncodedCommand <Base64EncodedCommand>]
                  [-ExecutionPolicy <ExecutionPolicy>] [-InputFormat {Text | XML}]
                  [-Interactive] [-MTA] [-NoExit] [-NoLogo] [-NonInteractive] [-NoProfile]
                  [-NoProfileLoadTime] [-OutputFormat {Text | XML}]
                  [-SettingsFile <filePath>] [-SSHServerMode] [-STA]
                  [-Version] [-WindowStyle <style>]
                  [-WorkingDirectory <directoryPath>]

       pwsh[.exe] -h | -Help | -? | /?

PowerShell Online Help https://aka.ms/powershell-docs

All parameters are case-insensitive.
FAIL: TEST-003b: expected both placeholder and secret findings in output. Output: The argument '/Users/jrmag/Projects/active/sdd-forge-wt-phase4/plugins/sdd-bootstrap/scripts/design-sync-scan.ps1' is not recognized as the name of a script file. Check the spelling of the name, or if a path was included, verify that the path is correct and try again.

Usage: pwsh[.exe] [-Login] [[-File] <filePath> [args]]
                  [-Command { - | <script-block> [-args <arg-array>]
                                | <string> [<CommandParameters>] } ]
                  [-CommandWithArgs <string> [<CommandParameters>]
                  [-ConfigurationName <string>] [-ConfigurationFile <filePath>]
                  [-CustomPipeName <string>] [-EncodedCommand <Base64EncodedCommand>]
                  [-ExecutionPolicy <ExecutionPolicy>] [-InputFormat {Text | XML}]
                  [-Interactive] [-MTA] [-NoExit] [-NoLogo] [-NonInteractive] [-NoProfile]
                  [-NoProfileLoadTime] [-OutputFormat {Text | XML}]
                  [-SettingsFile <filePath>] [-SSHServerMode] [-STA]
                  [-Version] [-WindowStyle <style>]
                  [-WorkingDirectory <directoryPath>]

       pwsh[.exe] -h | -Help | -? | /?

PowerShell Online Help https://aka.ms/powershell-docs

All parameters are case-insensitive.

=== TEST-004 (AC-004): a target dir with zero .html files exits 0, is not an error ===
FAIL: TEST-004: expected exit 0, got 64. Output: The argument '/Users/jrmag/Projects/active/sdd-forge-wt-phase4/plugins/sdd-bootstrap/scripts/design-sync-scan.ps1' is not recognized as the name of a script file. Check the spelling of the name, or if a path was included, verify that the path is correct and try again.

Usage: pwsh[.exe] [-Login] [[-File] <filePath> [args]]
                  [-Command { - | <script-block> [-args <arg-array>]
                                | <string> [<CommandParameters>] } ]
                  [-CommandWithArgs <string> [<CommandParameters>]
                  [-ConfigurationName <string>] [-ConfigurationFile <filePath>]
                  [-CustomPipeName <string>] [-EncodedCommand <Base64EncodedCommand>]
                  [-ExecutionPolicy <ExecutionPolicy>] [-InputFormat {Text | XML}]
                  [-Interactive] [-MTA] [-NoExit] [-NoLogo] [-NonInteractive] [-NoProfile]
                  [-NoProfileLoadTime] [-OutputFormat {Text | XML}]
                  [-SettingsFile <filePath>] [-SSHServerMode] [-STA]
                  [-Version] [-WindowStyle <style>]
                  [-WorkingDirectory <directoryPath>]

       pwsh[.exe] -h | -Help | -? | /?

PowerShell Online Help https://aka.ms/powershell-docs

All parameters are case-insensitive.

=== TEST-085 (AC-039a): a non-.html file with secret/PII-shaped content is never scanned ===
FAIL: TEST-085a: expected exit 0 (non-.html excluded), got 64. Output: The argument '/Users/jrmag/Projects/active/sdd-forge-wt-phase4/plugins/sdd-bootstrap/scripts/design-sync-scan.ps1' is not recognized as the name of a script file. Check the spelling of the name, or if a path was included, verify that the path is correct and try again.

Usage: pwsh[.exe] [-Login] [[-File] <filePath> [args]]
                  [-Command { - | <script-block> [-args <arg-array>]
                                | <string> [<CommandParameters>] } ]
                  [-CommandWithArgs <string> [<CommandParameters>]
                  [-ConfigurationName <string>] [-ConfigurationFile <filePath>]
                  [-CustomPipeName <string>] [-EncodedCommand <Base64EncodedCommand>]
                  [-ExecutionPolicy <ExecutionPolicy>] [-InputFormat {Text | XML}]
                  [-Interactive] [-MTA] [-NoExit] [-NoLogo] [-NonInteractive] [-NoProfile]
                  [-NoProfileLoadTime] [-OutputFormat {Text | XML}]
                  [-SettingsFile <filePath>] [-SSHServerMode] [-STA]
                  [-Version] [-WindowStyle <style>]
                  [-WorkingDirectory <directoryPath>]

       pwsh[.exe] -h | -Help | -? | /?

PowerShell Online Help https://aka.ms/powershell-docs

All parameters are case-insensitive.
ok: TEST-085b: the .json fixture is never named in the report

=== TEST-086 (.ps1 half of AC-039b): an upper-cased .HTML file is scanned (case-insensitive extension) ===
FAIL: TEST-086 (.ps1 half): expected exit 1 for a finding inside an upper-cased .HTML file, got 64. Output: The argument '/Users/jrmag/Projects/active/sdd-forge-wt-phase4/plugins/sdd-bootstrap/scripts/design-sync-scan.ps1' is not recognized as the name of a script file. Check the spelling of the name, or if a path was included, verify that the path is correct and try again.

Usage: pwsh[.exe] [-Login] [[-File] <filePath> [args]]
                  [-Command { - | <script-block> [-args <arg-array>]
                                | <string> [<CommandParameters>] } ]
                  [-CommandWithArgs <string> [<CommandParameters>]
                  [-ConfigurationName <string>] [-ConfigurationFile <filePath>]
                  [-CustomPipeName <string>] [-EncodedCommand <Base64EncodedCommand>]
                  [-ExecutionPolicy <ExecutionPolicy>] [-InputFormat {Text | XML}]
                  [-Interactive] [-MTA] [-NoExit] [-NoLogo] [-NonInteractive] [-NoProfile]
                  [-NoProfileLoadTime] [-OutputFormat {Text | XML}]
                  [-SettingsFile <filePath>] [-SSHServerMode] [-STA]
                  [-Version] [-WindowStyle <style>]
                  [-WorkingDirectory <directoryPath>]

       pwsh[.exe] -h | -Help | -? | /?

PowerShell Online Help https://aka.ms/powershell-docs

All parameters are case-insensitive.

=== TEST-005 (AC-005): a fully clean fixture set exits 0 ===
FAIL: TEST-005a: expected exit 0, got 64. Output: The argument '/Users/jrmag/Projects/active/sdd-forge-wt-phase4/plugins/sdd-bootstrap/scripts/design-sync-scan.ps1' is not recognized as the name of a script file. Check the spelling of the name, or if a path was included, verify that the path is correct and try again.

Usage: pwsh[.exe] [-Login] [[-File] <filePath> [args]]
                  [-Command { - | <script-block> [-args <arg-array>]
                                | <string> [<CommandParameters>] } ]
                  [-CommandWithArgs <string> [<CommandParameters>]
                  [-ConfigurationName <string>] [-ConfigurationFile <filePath>]
                  [-CustomPipeName <string>] [-EncodedCommand <Base64EncodedCommand>]
                  [-ExecutionPolicy <ExecutionPolicy>] [-InputFormat {Text | XML}]
                  [-Interactive] [-MTA] [-NoExit] [-NoLogo] [-NonInteractive] [-NoProfile]
                  [-NoProfileLoadTime] [-OutputFormat {Text | XML}]
                  [-SettingsFile <filePath>] [-SSHServerMode] [-STA]
                  [-Version] [-WindowStyle <style>]
                  [-WorkingDirectory <directoryPath>]

       pwsh[.exe] -h | -Help | -? | /?

PowerShell Online Help https://aka.ms/powershell-docs

All parameters are case-insensitive.
FAIL: TEST-005b: clean run should report passed. Output: The argument '/Users/jrmag/Projects/active/sdd-forge-wt-phase4/plugins/sdd-bootstrap/scripts/design-sync-scan.ps1' is not recognized as the name of a script file. Check the spelling of the name, or if a path was included, verify that the path is correct and try again.

Usage: pwsh[.exe] [-Login] [[-File] <filePath> [args]]
                  [-Command { - | <script-block> [-args <arg-array>]
                                | <string> [<CommandParameters>] } ]
                  [-CommandWithArgs <string> [<CommandParameters>]
                  [-ConfigurationName <string>] [-ConfigurationFile <filePath>]
                  [-CustomPipeName <string>] [-EncodedCommand <Base64EncodedCommand>]
                  [-ExecutionPolicy <ExecutionPolicy>] [-InputFormat {Text | XML}]
                  [-Interactive] [-MTA] [-NoExit] [-NoLogo] [-NonInteractive] [-NoProfile]
                  [-NoProfileLoadTime] [-OutputFormat {Text | XML}]
                  [-SettingsFile <filePath>] [-SSHServerMode] [-STA]
                  [-Version] [-WindowStyle <style>]
                  [-WorkingDirectory <directoryPath>]

       pwsh[.exe] -h | -Help | -? | /?

PowerShell Online Help https://aka.ms/powershell-docs

All parameters are case-insensitive.

=== TEST-006 (AC-006.1): a placeholder-only fixture exits 1 ===
FAIL: TEST-006a: expected exit 1, got 64. Output: The argument '/Users/jrmag/Projects/active/sdd-forge-wt-phase4/plugins/sdd-bootstrap/scripts/design-sync-scan.ps1' is not recognized as the name of a script file. Check the spelling of the name, or if a path was included, verify that the path is correct and try again.

Usage: pwsh[.exe] [-Login] [[-File] <filePath> [args]]
                  [-Command { - | <script-block> [-args <arg-array>]
                                | <string> [<CommandParameters>] } ]
                  [-CommandWithArgs <string> [<CommandParameters>]
                  [-ConfigurationName <string>] [-ConfigurationFile <filePath>]
                  [-CustomPipeName <string>] [-EncodedCommand <Base64EncodedCommand>]
                  [-ExecutionPolicy <ExecutionPolicy>] [-InputFormat {Text | XML}]
                  [-Interactive] [-MTA] [-NoExit] [-NoLogo] [-NonInteractive] [-NoProfile]
                  [-NoProfileLoadTime] [-OutputFormat {Text | XML}]
                  [-SettingsFile <filePath>] [-SSHServerMode] [-STA]
                  [-Version] [-WindowStyle <style>]
                  [-WorkingDirectory <directoryPath>]

       pwsh[.exe] -h | -Help | -? | /?

PowerShell Online Help https://aka.ms/powershell-docs

All parameters are case-insensitive.
FAIL: TEST-006b: expected only placeholder category. Output: The argument '/Users/jrmag/Projects/active/sdd-forge-wt-phase4/plugins/sdd-bootstrap/scripts/design-sync-scan.ps1' is not recognized as the name of a script file. Check the spelling of the name, or if a path was included, verify that the path is correct and try again.

Usage: pwsh[.exe] [-Login] [[-File] <filePath> [args]]
                  [-Command { - | <script-block> [-args <arg-array>]
                                | <string> [<CommandParameters>] } ]
                  [-CommandWithArgs <string> [<CommandParameters>]
                  [-ConfigurationName <string>] [-ConfigurationFile <filePath>]
                  [-CustomPipeName <string>] [-EncodedCommand <Base64EncodedCommand>]
                  [-ExecutionPolicy <ExecutionPolicy>] [-InputFormat {Text | XML}]
                  [-Interactive] [-MTA] [-NoExit] [-NoLogo] [-NonInteractive] [-NoProfile]
                  [-NoProfileLoadTime] [-OutputFormat {Text | XML}]
                  [-SettingsFile <filePath>] [-SSHServerMode] [-STA]
                  [-Version] [-WindowStyle <style>]
                  [-WorkingDirectory <directoryPath>]

       pwsh[.exe] -h | -Help | -? | /?

PowerShell Online Help https://aka.ms/powershell-docs

All parameters are case-insensitive.

=== TEST-007 (AC-006.2): a secret-only fixture exits 1 ===
FAIL: TEST-007a: expected exit 1, got 64. Output: The argument '/Users/jrmag/Projects/active/sdd-forge-wt-phase4/plugins/sdd-bootstrap/scripts/design-sync-scan.ps1' is not recognized as the name of a script file. Check the spelling of the name, or if a path was included, verify that the path is correct and try again.

Usage: pwsh[.exe] [-Login] [[-File] <filePath> [args]]
                  [-Command { - | <script-block> [-args <arg-array>]
                                | <string> [<CommandParameters>] } ]
                  [-CommandWithArgs <string> [<CommandParameters>]
                  [-ConfigurationName <string>] [-ConfigurationFile <filePath>]
                  [-CustomPipeName <string>] [-EncodedCommand <Base64EncodedCommand>]
                  [-ExecutionPolicy <ExecutionPolicy>] [-InputFormat {Text | XML}]
                  [-Interactive] [-MTA] [-NoExit] [-NoLogo] [-NonInteractive] [-NoProfile]
                  [-NoProfileLoadTime] [-OutputFormat {Text | XML}]
                  [-SettingsFile <filePath>] [-SSHServerMode] [-STA]
                  [-Version] [-WindowStyle <style>]
                  [-WorkingDirectory <directoryPath>]

       pwsh[.exe] -h | -Help | -? | /?

PowerShell Online Help https://aka.ms/powershell-docs

All parameters are case-insensitive.
FAIL: TEST-007b: expected only secret category. Output: The argument '/Users/jrmag/Projects/active/sdd-forge-wt-phase4/plugins/sdd-bootstrap/scripts/design-sync-scan.ps1' is not recognized as the name of a script file. Check the spelling of the name, or if a path was included, verify that the path is correct and try again.

Usage: pwsh[.exe] [-Login] [[-File] <filePath> [args]]
                  [-Command { - | <script-block> [-args <arg-array>]
                                | <string> [<CommandParameters>] } ]
                  [-CommandWithArgs <string> [<CommandParameters>]
                  [-ConfigurationName <string>] [-ConfigurationFile <filePath>]
                  [-CustomPipeName <string>] [-EncodedCommand <Base64EncodedCommand>]
                  [-ExecutionPolicy <ExecutionPolicy>] [-InputFormat {Text | XML}]
                  [-Interactive] [-MTA] [-NoExit] [-NoLogo] [-NonInteractive] [-NoProfile]
                  [-NoProfileLoadTime] [-OutputFormat {Text | XML}]
                  [-SettingsFile <filePath>] [-SSHServerMode] [-STA]
                  [-Version] [-WindowStyle <style>]
                  [-WorkingDirectory <directoryPath>]

       pwsh[.exe] -h | -Help | -? | /?

PowerShell Online Help https://aka.ms/powershell-docs

All parameters are case-insensitive.

=== TEST-008 (AC-006.3): a PII-only fixture exits 1 ===
FAIL: TEST-008a: expected exit 1, got 64. Output: The argument '/Users/jrmag/Projects/active/sdd-forge-wt-phase4/plugins/sdd-bootstrap/scripts/design-sync-scan.ps1' is not recognized as the name of a script file. Check the spelling of the name, or if a path was included, verify that the path is correct and try again.

Usage: pwsh[.exe] [-Login] [[-File] <filePath> [args]]
                  [-Command { - | <script-block> [-args <arg-array>]
                                | <string> [<CommandParameters>] } ]
                  [-CommandWithArgs <string> [<CommandParameters>]
                  [-ConfigurationName <string>] [-ConfigurationFile <filePath>]
                  [-CustomPipeName <string>] [-EncodedCommand <Base64EncodedCommand>]
                  [-ExecutionPolicy <ExecutionPolicy>] [-InputFormat {Text | XML}]
                  [-Interactive] [-MTA] [-NoExit] [-NoLogo] [-NonInteractive] [-NoProfile]
                  [-NoProfileLoadTime] [-OutputFormat {Text | XML}]
                  [-SettingsFile <filePath>] [-SSHServerMode] [-STA]
                  [-Version] [-WindowStyle <style>]
                  [-WorkingDirectory <directoryPath>]

       pwsh[.exe] -h | -Help | -? | /?

PowerShell Online Help https://aka.ms/powershell-docs

All parameters are case-insensitive.
FAIL: TEST-008b: expected only PII category. Output: The argument '/Users/jrmag/Projects/active/sdd-forge-wt-phase4/plugins/sdd-bootstrap/scripts/design-sync-scan.ps1' is not recognized as the name of a script file. Check the spelling of the name, or if a path was included, verify that the path is correct and try again.

Usage: pwsh[.exe] [-Login] [[-File] <filePath> [args]]
                  [-Command { - | <script-block> [-args <arg-array>]
                                | <string> [<CommandParameters>] } ]
                  [-CommandWithArgs <string> [<CommandParameters>]
                  [-ConfigurationName <string>] [-ConfigurationFile <filePath>]
                  [-CustomPipeName <string>] [-EncodedCommand <Base64EncodedCommand>]
                  [-ExecutionPolicy <ExecutionPolicy>] [-InputFormat {Text | XML}]
                  [-Interactive] [-MTA] [-NoExit] [-NoLogo] [-NonInteractive] [-NoProfile]
                  [-NoProfileLoadTime] [-OutputFormat {Text | XML}]
                  [-SettingsFile <filePath>] [-SSHServerMode] [-STA]
                  [-Version] [-WindowStyle <style>]
                  [-WorkingDirectory <directoryPath>]

       pwsh[.exe] -h | -Help | -? | /?

PowerShell Online Help https://aka.ms/powershell-docs

All parameters are case-insensitive.

=== TEST-009 (AC-006.4): a mixed-category fixture exits 1, names every category present ===
FAIL: TEST-009a: expected exit 1, got 64. Output: The argument '/Users/jrmag/Projects/active/sdd-forge-wt-phase4/plugins/sdd-bootstrap/scripts/design-sync-scan.ps1' is not recognized as the name of a script file. Check the spelling of the name, or if a path was included, verify that the path is correct and try again.

Usage: pwsh[.exe] [-Login] [[-File] <filePath> [args]]
                  [-Command { - | <script-block> [-args <arg-array>]
                                | <string> [<CommandParameters>] } ]
                  [-CommandWithArgs <string> [<CommandParameters>]
                  [-ConfigurationName <string>] [-ConfigurationFile <filePath>]
                  [-CustomPipeName <string>] [-EncodedCommand <Base64EncodedCommand>]
                  [-ExecutionPolicy <ExecutionPolicy>] [-InputFormat {Text | XML}]
                  [-Interactive] [-MTA] [-NoExit] [-NoLogo] [-NonInteractive] [-NoProfile]
                  [-NoProfileLoadTime] [-OutputFormat {Text | XML}]
                  [-SettingsFile <filePath>] [-SSHServerMode] [-STA]
                  [-Version] [-WindowStyle <style>]
                  [-WorkingDirectory <directoryPath>]

       pwsh[.exe] -h | -Help | -? | /?

PowerShell Online Help https://aka.ms/powershell-docs

All parameters are case-insensitive.
FAIL: TEST-009b: expected all three categories named. Output: The argument '/Users/jrmag/Projects/active/sdd-forge-wt-phase4/plugins/sdd-bootstrap/scripts/design-sync-scan.ps1' is not recognized as the name of a script file. Check the spelling of the name, or if a path was included, verify that the path is correct and try again.

Usage: pwsh[.exe] [-Login] [[-File] <filePath> [args]]
                  [-Command { - | <script-block> [-args <arg-array>]
                                | <string> [<CommandParameters>] } ]
                  [-CommandWithArgs <string> [<CommandParameters>]
                  [-ConfigurationName <string>] [-ConfigurationFile <filePath>]
                  [-CustomPipeName <string>] [-EncodedCommand <Base64EncodedCommand>]
                  [-ExecutionPolicy <ExecutionPolicy>] [-InputFormat {Text | XML}]
                  [-Interactive] [-MTA] [-NoExit] [-NoLogo] [-NonInteractive] [-NoProfile]
                  [-NoProfileLoadTime] [-OutputFormat {Text | XML}]
                  [-SettingsFile <filePath>] [-SSHServerMode] [-STA]
                  [-Version] [-WindowStyle <style>]
                  [-WorkingDirectory <directoryPath>]

       pwsh[.exe] -h | -Help | -? | /?

PowerShell Online Help https://aka.ms/powershell-docs

All parameters are case-insensitive.

=== TEST-010 (AC-007.1, AC-008): zero arguments exits 2 with a usage diagnostic, never 1 ===
FAIL: TEST-010a: expected exit 2, got 64. Output: The argument '/Users/jrmag/Projects/active/sdd-forge-wt-phase4/plugins/sdd-bootstrap/scripts/design-sync-scan.ps1' is not recognized as the name of a script file. Check the spelling of the name, or if a path was included, verify that the path is correct and try again.

Usage: pwsh[.exe] [-Login] [[-File] <filePath> [args]]
                  [-Command { - | <script-block> [-args <arg-array>]
                                | <string> [<CommandParameters>] } ]
                  [-CommandWithArgs <string> [<CommandParameters>]
                  [-ConfigurationName <string>] [-ConfigurationFile <filePath>]
                  [-CustomPipeName <string>] [-EncodedCommand <Base64EncodedCommand>]
                  [-ExecutionPolicy <ExecutionPolicy>] [-InputFormat {Text | XML}]
                  [-Interactive] [-MTA] [-NoExit] [-NoLogo] [-NonInteractive] [-NoProfile]
                  [-NoProfileLoadTime] [-OutputFormat {Text | XML}]
                  [-SettingsFile <filePath>] [-SSHServerMode] [-STA]
                  [-Version] [-WindowStyle <style>]
                  [-WorkingDirectory <directoryPath>]

       pwsh[.exe] -h | -Help | -? | /?

PowerShell Online Help https://aka.ms/powershell-docs

All parameters are case-insensitive.
ok: TEST-010b: zero-argument invocation prints a usage diagnostic
ok: TEST-010c: no override affordance is offered in the exit-2 output (AC-007's fourth clause)

=== TEST-056 (AC-007.2): more arguments than the contract defines exits 2 with a usage diagnostic ===
FAIL: TEST-056a: expected exit 2, got 64. Output: The argument '/Users/jrmag/Projects/active/sdd-forge-wt-phase4/plugins/sdd-bootstrap/scripts/design-sync-scan.ps1' is not recognized as the name of a script file. Check the spelling of the name, or if a path was included, verify that the path is correct and try again.

Usage: pwsh[.exe] [-Login] [[-File] <filePath> [args]]
                  [-Command { - | <script-block> [-args <arg-array>]
                                | <string> [<CommandParameters>] } ]
                  [-CommandWithArgs <string> [<CommandParameters>]
                  [-ConfigurationName <string>] [-ConfigurationFile <filePath>]
                  [-CustomPipeName <string>] [-EncodedCommand <Base64EncodedCommand>]
                  [-ExecutionPolicy <ExecutionPolicy>] [-InputFormat {Text | XML}]
                  [-Interactive] [-MTA] [-NoExit] [-NoLogo] [-NonInteractive] [-NoProfile]
                  [-NoProfileLoadTime] [-OutputFormat {Text | XML}]
                  [-SettingsFile <filePath>] [-SSHServerMode] [-STA]
                  [-Version] [-WindowStyle <style>]
                  [-WorkingDirectory <directoryPath>]

       pwsh[.exe] -h | -Help | -? | /?

PowerShell Online Help https://aka.ms/powershell-docs

All parameters are case-insensitive.
ok: TEST-056b: too-many-arguments invocation prints a usage diagnostic
ok: TEST-056c: no override affordance is offered in the too-many-arguments exit-2 output

=== TEST-011 (AC-007.3): a nonexistent target directory exits 2, names the missing path ===
FAIL: TEST-011a: expected exit 2, got 64. Output: The argument '/Users/jrmag/Projects/active/sdd-forge-wt-phase4/plugins/sdd-bootstrap/scripts/design-sync-scan.ps1' is not recognized as the name of a script file. Check the spelling of the name, or if a path was included, verify that the path is correct and try again.

Usage: pwsh[.exe] [-Login] [[-File] <filePath> [args]]
                  [-Command { - | <script-block> [-args <arg-array>]
                                | <string> [<CommandParameters>] } ]
                  [-CommandWithArgs <string> [<CommandParameters>]
                  [-ConfigurationName <string>] [-ConfigurationFile <filePath>]
                  [-CustomPipeName <string>] [-EncodedCommand <Base64EncodedCommand>]
                  [-ExecutionPolicy <ExecutionPolicy>] [-InputFormat {Text | XML}]
                  [-Interactive] [-MTA] [-NoExit] [-NoLogo] [-NonInteractive] [-NoProfile]
                  [-NoProfileLoadTime] [-OutputFormat {Text | XML}]
                  [-SettingsFile <filePath>] [-SSHServerMode] [-STA]
                  [-Version] [-WindowStyle <style>]
                  [-WorkingDirectory <directoryPath>]

       pwsh[.exe] -h | -Help | -? | /?

PowerShell Online Help https://aka.ms/powershell-docs

All parameters are case-insensitive.
FAIL: TEST-011b: expected the missing path named. Output: The argument '/Users/jrmag/Projects/active/sdd-forge-wt-phase4/plugins/sdd-bootstrap/scripts/design-sync-scan.ps1' is not recognized as the name of a script file. Check the spelling of the name, or if a path was included, verify that the path is correct and try again.

Usage: pwsh[.exe] [-Login] [[-File] <filePath> [args]]
                  [-Command { - | <script-block> [-args <arg-array>]
                                | <string> [<CommandParameters>] } ]
                  [-CommandWithArgs <string> [<CommandParameters>]
                  [-ConfigurationName <string>] [-ConfigurationFile <filePath>]
                  [-CustomPipeName <string>] [-EncodedCommand <Base64EncodedCommand>]
                  [-ExecutionPolicy <ExecutionPolicy>] [-InputFormat {Text | XML}]
                  [-Interactive] [-MTA] [-NoExit] [-NoLogo] [-NonInteractive] [-NoProfile]
                  [-NoProfileLoadTime] [-OutputFormat {Text | XML}]
                  [-SettingsFile <filePath>] [-SSHServerMode] [-STA]
                  [-Version] [-WindowStyle <style>]
                  [-WorkingDirectory <directoryPath>]

       pwsh[.exe] -h | -Help | -? | /?

PowerShell Online Help https://aka.ms/powershell-docs

All parameters are case-insensitive.
ok: TEST-011c: no override affordance is offered for a nonexistent target directory

=== TEST-012 (AC-007.4): an unreadable .html file exits 2, names the file, rest not silently clean ===
FAIL: TEST-012a: expected exit 2, got 64. Output: The argument '/Users/jrmag/Projects/active/sdd-forge-wt-phase4/plugins/sdd-bootstrap/scripts/design-sync-scan.ps1' is not recognized as the name of a script file. Check the spelling of the name, or if a path was included, verify that the path is correct and try again.

Usage: pwsh[.exe] [-Login] [[-File] <filePath> [args]]
                  [-Command { - | <script-block> [-args <arg-array>]
                                | <string> [<CommandParameters>] } ]
                  [-CommandWithArgs <string> [<CommandParameters>]
                  [-ConfigurationName <string>] [-ConfigurationFile <filePath>]
                  [-CustomPipeName <string>] [-EncodedCommand <Base64EncodedCommand>]
                  [-ExecutionPolicy <ExecutionPolicy>] [-InputFormat {Text | XML}]
                  [-Interactive] [-MTA] [-NoExit] [-NoLogo] [-NonInteractive] [-NoProfile]
                  [-NoProfileLoadTime] [-OutputFormat {Text | XML}]
                  [-SettingsFile <filePath>] [-SSHServerMode] [-STA]
                  [-Version] [-WindowStyle <style>]
                  [-WorkingDirectory <directoryPath>]

       pwsh[.exe] -h | -Help | -? | /?

PowerShell Online Help https://aka.ms/powershell-docs

All parameters are case-insensitive.
FAIL: TEST-012b: expected the unreadable file named. Output: The argument '/Users/jrmag/Projects/active/sdd-forge-wt-phase4/plugins/sdd-bootstrap/scripts/design-sync-scan.ps1' is not recognized as the name of a script file. Check the spelling of the name, or if a path was included, verify that the path is correct and try again.

Usage: pwsh[.exe] [-Login] [[-File] <filePath> [args]]
                  [-Command { - | <script-block> [-args <arg-array>]
                                | <string> [<CommandParameters>] } ]
                  [-CommandWithArgs <string> [<CommandParameters>]
                  [-ConfigurationName <string>] [-ConfigurationFile <filePath>]
                  [-CustomPipeName <string>] [-EncodedCommand <Base64EncodedCommand>]
                  [-ExecutionPolicy <ExecutionPolicy>] [-InputFormat {Text | XML}]
                  [-Interactive] [-MTA] [-NoExit] [-NoLogo] [-NonInteractive] [-NoProfile]
                  [-NoProfileLoadTime] [-OutputFormat {Text | XML}]
                  [-SettingsFile <filePath>] [-SSHServerMode] [-STA]
                  [-Version] [-WindowStyle <style>]
                  [-WorkingDirectory <directoryPath>]

       pwsh[.exe] -h | -Help | -? | /?

PowerShell Online Help https://aka.ms/powershell-docs

All parameters are case-insensitive.
ok: TEST-012c: the rest of the set is not silently reported clean/passed

=== TEST-013 (AC-008): usage-error exit code is 2, never 1 -- contrast with check-placeholders.ps1 ===
ok: TEST-013a: check-placeholders.ps1's own zero-argument usage error exits 1 (the convention this script deliberately diverges from)
FAIL: TEST-013b: expected exit 2 (never 1), got 64. Output: The argument '/Users/jrmag/Projects/active/sdd-forge-wt-phase4/plugins/sdd-bootstrap/scripts/design-sync-scan.ps1' is not recognized as the name of a script file. Check the spelling of the name, or if a path was included, verify that the path is correct and try again.

Usage: pwsh[.exe] [-Login] [[-File] <filePath> [args]]
                  [-Command { - | <script-block> [-args <arg-array>]
                                | <string> [<CommandParameters>] } ]
                  [-CommandWithArgs <string> [<CommandParameters>]
                  [-ConfigurationName <string>] [-ConfigurationFile <filePath>]
                  [-CustomPipeName <string>] [-EncodedCommand <Base64EncodedCommand>]
                  [-ExecutionPolicy <ExecutionPolicy>] [-InputFormat {Text | XML}]
                  [-Interactive] [-MTA] [-NoExit] [-NoLogo] [-NonInteractive] [-NoProfile]
                  [-NoProfileLoadTime] [-OutputFormat {Text | XML}]
                  [-SettingsFile <filePath>] [-SSHServerMode] [-STA]
                  [-Version] [-WindowStyle <style>]
                  [-WorkingDirectory <directoryPath>]

       pwsh[.exe] -h | -Help | -? | /?

PowerShell Online Help https://aka.ms/powershell-docs

All parameters are case-insensitive.

=== TEST-014 (AC-009): placeholder detection reproduces check-placeholders.ps1's own verdicts ===
ok: TEST-014-setup: re-read check-placeholders.ps1's live $patternCs/$patternCi at test-run time (not transcribed)
ok: TEST-014a: check-placeholders.ps1 flags the positive marker corpus (exit 1)
FAIL: TEST-014b: expected exit 1 with a placeholder finding, got 64. Output: The argument '/Users/jrmag/Projects/active/sdd-forge-wt-phase4/plugins/sdd-bootstrap/scripts/design-sync-scan.ps1' is not recognized as the name of a script file. Check the spelling of the name, or if a path was included, verify that the path is correct and try again.

Usage: pwsh[.exe] [-Login] [[-File] <filePath> [args]]
                  [-Command { - | <script-block> [-args <arg-array>]
                                | <string> [<CommandParameters>] } ]
                  [-CommandWithArgs <string> [<CommandParameters>]
                  [-ConfigurationName <string>] [-ConfigurationFile <filePath>]
                  [-CustomPipeName <string>] [-EncodedCommand <Base64EncodedCommand>]
                  [-ExecutionPolicy <ExecutionPolicy>] [-InputFormat {Text | XML}]
                  [-Interactive] [-MTA] [-NoExit] [-NoLogo] [-NonInteractive] [-NoProfile]
                  [-NoProfileLoadTime] [-OutputFormat {Text | XML}]
                  [-SettingsFile <filePath>] [-SSHServerMode] [-STA]
                  [-Version] [-WindowStyle <style>]
                  [-WorkingDirectory <directoryPath>]

       pwsh[.exe] -h | -Help | -? | /?

PowerShell Online Help https://aka.ms/powershell-docs

All parameters are case-insensitive.
FAIL: TEST-014c: expected both exit 0, got check-placeholders=0 design-sync-scan=64. Output: The argument '/Users/jrmag/Projects/active/sdd-forge-wt-phase4/plugins/sdd-bootstrap/scripts/design-sync-scan.ps1' is not recognized as the name of a script file. Check the spelling of the name, or if a path was included, verify that the path is correct and try again.

Usage: pwsh[.exe] [-Login] [[-File] <filePath> [args]]
                  [-Command { - | <script-block> [-args <arg-array>]
                                | <string> [<CommandParameters>] } ]
                  [-CommandWithArgs <string> [<CommandParameters>]
                  [-ConfigurationName <string>] [-ConfigurationFile <filePath>]
                  [-CustomPipeName <string>] [-EncodedCommand <Base64EncodedCommand>]
                  [-ExecutionPolicy <ExecutionPolicy>] [-InputFormat {Text | XML}]
                  [-Interactive] [-MTA] [-NoExit] [-NoLogo] [-NonInteractive] [-NoProfile]
                  [-NoProfileLoadTime] [-OutputFormat {Text | XML}]
                  [-SettingsFile <filePath>] [-SSHServerMode] [-STA]
                  [-Version] [-WindowStyle <style>]
                  [-WorkingDirectory <directoryPath>]

       pwsh[.exe] -h | -Help | -? | /?

PowerShell Online Help https://aka.ms/powershell-docs

All parameters are case-insensitive.

=== TEST-015 - TEST-020, TEST-083 (AC-010): one row per secret pattern S1-S6, plus S5's sk-proj- sub-format ===
FAIL: TEST-015 (S1 PEM private-key header): expected a secret finding (exit 1), got 64. Output: The argument '/Users/jrmag/Projects/active/sdd-forge-wt-phase4/plugins/sdd-bootstrap/scripts/design-sync-scan.ps1' is not recognized as the name of a script file. Check the spelling of the name, or if a path was included, verify that the path is correct and try again.

Usage: pwsh[.exe] [-Login] [[-File] <filePath> [args]]
                  [-Command { - | <script-block> [-args <arg-array>]
                                | <string> [<CommandParameters>] } ]
                  [-CommandWithArgs <string> [<CommandParameters>]
                  [-ConfigurationName <string>] [-ConfigurationFile <filePath>]
                  [-CustomPipeName <string>] [-EncodedCommand <Base64EncodedCommand>]
                  [-ExecutionPolicy <ExecutionPolicy>] [-InputFormat {Text | XML}]
                  [-Interactive] [-MTA] [-NoExit] [-NoLogo] [-NonInteractive] [-NoProfile]
                  [-NoProfileLoadTime] [-OutputFormat {Text | XML}]
                  [-SettingsFile <filePath>] [-SSHServerMode] [-STA]
                  [-Version] [-WindowStyle <style>]
                  [-WorkingDirectory <directoryPath>]

       pwsh[.exe] -h | -Help | -? | /?

PowerShell Online Help https://aka.ms/powershell-docs

All parameters are case-insensitive.
FAIL: TEST-016 (S2 AKIA...): expected a secret finding (exit 1), got 64. Output: The argument '/Users/jrmag/Projects/active/sdd-forge-wt-phase4/plugins/sdd-bootstrap/scripts/design-sync-scan.ps1' is not recognized as the name of a script file. Check the spelling of the name, or if a path was included, verify that the path is correct and try again.

Usage: pwsh[.exe] [-Login] [[-File] <filePath> [args]]
                  [-Command { - | <script-block> [-args <arg-array>]
                                | <string> [<CommandParameters>] } ]
                  [-CommandWithArgs <string> [<CommandParameters>]
                  [-ConfigurationName <string>] [-ConfigurationFile <filePath>]
                  [-CustomPipeName <string>] [-EncodedCommand <Base64EncodedCommand>]
                  [-ExecutionPolicy <ExecutionPolicy>] [-InputFormat {Text | XML}]
                  [-Interactive] [-MTA] [-NoExit] [-NoLogo] [-NonInteractive] [-NoProfile]
                  [-NoProfileLoadTime] [-OutputFormat {Text | XML}]
                  [-SettingsFile <filePath>] [-SSHServerMode] [-STA]
                  [-Version] [-WindowStyle <style>]
                  [-WorkingDirectory <directoryPath>]

       pwsh[.exe] -h | -Help | -? | /?

PowerShell Online Help https://aka.ms/powershell-docs

All parameters are case-insensitive.
FAIL: TEST-017 (S3 ghp_...): expected a secret finding (exit 1), got 64. Output: The argument '/Users/jrmag/Projects/active/sdd-forge-wt-phase4/plugins/sdd-bootstrap/scripts/design-sync-scan.ps1' is not recognized as the name of a script file. Check the spelling of the name, or if a path was included, verify that the path is correct and try again.

Usage: pwsh[.exe] [-Login] [[-File] <filePath> [args]]
                  [-Command { - | <script-block> [-args <arg-array>]
                                | <string> [<CommandParameters>] } ]
                  [-CommandWithArgs <string> [<CommandParameters>]
                  [-ConfigurationName <string>] [-ConfigurationFile <filePath>]
                  [-CustomPipeName <string>] [-EncodedCommand <Base64EncodedCommand>]
                  [-ExecutionPolicy <ExecutionPolicy>] [-InputFormat {Text | XML}]
                  [-Interactive] [-MTA] [-NoExit] [-NoLogo] [-NonInteractive] [-NoProfile]
                  [-NoProfileLoadTime] [-OutputFormat {Text | XML}]
                  [-SettingsFile <filePath>] [-SSHServerMode] [-STA]
                  [-Version] [-WindowStyle <style>]
                  [-WorkingDirectory <directoryPath>]

       pwsh[.exe] -h | -Help | -? | /?

PowerShell Online Help https://aka.ms/powershell-docs

All parameters are case-insensitive.
FAIL: TEST-018 (S4 github_pat_...): expected a secret finding (exit 1), got 64. Output: The argument '/Users/jrmag/Projects/active/sdd-forge-wt-phase4/plugins/sdd-bootstrap/scripts/design-sync-scan.ps1' is not recognized as the name of a script file. Check the spelling of the name, or if a path was included, verify that the path is correct and try again.

Usage: pwsh[.exe] [-Login] [[-File] <filePath> [args]]
                  [-Command { - | <script-block> [-args <arg-array>]
                                | <string> [<CommandParameters>] } ]
                  [-CommandWithArgs <string> [<CommandParameters>]
                  [-ConfigurationName <string>] [-ConfigurationFile <filePath>]
                  [-CustomPipeName <string>] [-EncodedCommand <Base64EncodedCommand>]
                  [-ExecutionPolicy <ExecutionPolicy>] [-InputFormat {Text | XML}]
                  [-Interactive] [-MTA] [-NoExit] [-NoLogo] [-NonInteractive] [-NoProfile]
                  [-NoProfileLoadTime] [-OutputFormat {Text | XML}]
                  [-SettingsFile <filePath>] [-SSHServerMode] [-STA]
                  [-Version] [-WindowStyle <style>]
                  [-WorkingDirectory <directoryPath>]

       pwsh[.exe] -h | -Help | -? | /?

PowerShell Online Help https://aka.ms/powershell-docs

All parameters are case-insensitive.
FAIL: TEST-019 (S5 bare sk-...): expected a secret finding (exit 1), got 64. Output: The argument '/Users/jrmag/Projects/active/sdd-forge-wt-phase4/plugins/sdd-bootstrap/scripts/design-sync-scan.ps1' is not recognized as the name of a script file. Check the spelling of the name, or if a path was included, verify that the path is correct and try again.

Usage: pwsh[.exe] [-Login] [[-File] <filePath> [args]]
                  [-Command { - | <script-block> [-args <arg-array>]
                                | <string> [<CommandParameters>] } ]
                  [-CommandWithArgs <string> [<CommandParameters>]
                  [-ConfigurationName <string>] [-ConfigurationFile <filePath>]
                  [-CustomPipeName <string>] [-EncodedCommand <Base64EncodedCommand>]
                  [-ExecutionPolicy <ExecutionPolicy>] [-InputFormat {Text | XML}]
                  [-Interactive] [-MTA] [-NoExit] [-NoLogo] [-NonInteractive] [-NoProfile]
                  [-NoProfileLoadTime] [-OutputFormat {Text | XML}]
                  [-SettingsFile <filePath>] [-SSHServerMode] [-STA]
                  [-Version] [-WindowStyle <style>]
                  [-WorkingDirectory <directoryPath>]

       pwsh[.exe] -h | -Help | -? | /?

PowerShell Online Help https://aka.ms/powershell-docs

All parameters are case-insensitive.
FAIL: TEST-020 (S6 xoxb-...): expected a secret finding (exit 1), got 64. Output: The argument '/Users/jrmag/Projects/active/sdd-forge-wt-phase4/plugins/sdd-bootstrap/scripts/design-sync-scan.ps1' is not recognized as the name of a script file. Check the spelling of the name, or if a path was included, verify that the path is correct and try again.

Usage: pwsh[.exe] [-Login] [[-File] <filePath> [args]]
                  [-Command { - | <script-block> [-args <arg-array>]
                                | <string> [<CommandParameters>] } ]
                  [-CommandWithArgs <string> [<CommandParameters>]
                  [-ConfigurationName <string>] [-ConfigurationFile <filePath>]
                  [-CustomPipeName <string>] [-EncodedCommand <Base64EncodedCommand>]
                  [-ExecutionPolicy <ExecutionPolicy>] [-InputFormat {Text | XML}]
                  [-Interactive] [-MTA] [-NoExit] [-NoLogo] [-NonInteractive] [-NoProfile]
                  [-NoProfileLoadTime] [-OutputFormat {Text | XML}]
                  [-SettingsFile <filePath>] [-SSHServerMode] [-STA]
                  [-Version] [-WindowStyle <style>]
                  [-WorkingDirectory <directoryPath>]

       pwsh[.exe] -h | -Help | -? | /?

PowerShell Online Help https://aka.ms/powershell-docs

All parameters are case-insensitive.
FAIL: TEST-083 (S5 sk-proj- sub-format): expected a secret finding (exit 1), got 64. Output: The argument '/Users/jrmag/Projects/active/sdd-forge-wt-phase4/plugins/sdd-bootstrap/scripts/design-sync-scan.ps1' is not recognized as the name of a script file. Check the spelling of the name, or if a path was included, verify that the path is correct and try again.

Usage: pwsh[.exe] [-Login] [[-File] <filePath> [args]]
                  [-Command { - | <script-block> [-args <arg-array>]
                                | <string> [<CommandParameters>] } ]
                  [-CommandWithArgs <string> [<CommandParameters>]
                  [-ConfigurationName <string>] [-ConfigurationFile <filePath>]
                  [-CustomPipeName <string>] [-EncodedCommand <Base64EncodedCommand>]
                  [-ExecutionPolicy <ExecutionPolicy>] [-InputFormat {Text | XML}]
                  [-Interactive] [-MTA] [-NoExit] [-NoLogo] [-NonInteractive] [-NoProfile]
                  [-NoProfileLoadTime] [-OutputFormat {Text | XML}]
                  [-SettingsFile <filePath>] [-SSHServerMode] [-STA]
                  [-Version] [-WindowStyle <style>]
                  [-WorkingDirectory <directoryPath>]

       pwsh[.exe] -h | -Help | -? | /?

PowerShell Online Help https://aka.ms/powershell-docs

All parameters are case-insensitive.

=== TEST-021 (AC-010): S7 triggers on a substantive quoted value, not on a bare or empty value ===
FAIL: TEST-021a: expected a secret finding, got 64. Output: The argument '/Users/jrmag/Projects/active/sdd-forge-wt-phase4/plugins/sdd-bootstrap/scripts/design-sync-scan.ps1' is not recognized as the name of a script file. Check the spelling of the name, or if a path was included, verify that the path is correct and try again.

Usage: pwsh[.exe] [-Login] [[-File] <filePath> [args]]
                  [-Command { - | <script-block> [-args <arg-array>]
                                | <string> [<CommandParameters>] } ]
                  [-CommandWithArgs <string> [<CommandParameters>]
                  [-ConfigurationName <string>] [-ConfigurationFile <filePath>]
                  [-CustomPipeName <string>] [-EncodedCommand <Base64EncodedCommand>]
                  [-ExecutionPolicy <ExecutionPolicy>] [-InputFormat {Text | XML}]
                  [-Interactive] [-MTA] [-NoExit] [-NoLogo] [-NonInteractive] [-NoProfile]
                  [-NoProfileLoadTime] [-OutputFormat {Text | XML}]
                  [-SettingsFile <filePath>] [-SSHServerMode] [-STA]
                  [-Version] [-WindowStyle <style>]
                  [-WorkingDirectory <directoryPath>]

       pwsh[.exe] -h | -Help | -? | /?

PowerShell Online Help https://aka.ms/powershell-docs

All parameters are case-insensitive.
FAIL: TEST-021b: expected exit 0 (no S7 false positive), got 64. Output: The argument '/Users/jrmag/Projects/active/sdd-forge-wt-phase4/plugins/sdd-bootstrap/scripts/design-sync-scan.ps1' is not recognized as the name of a script file. Check the spelling of the name, or if a path was included, verify that the path is correct and try again.

Usage: pwsh[.exe] [-Login] [[-File] <filePath> [args]]
                  [-Command { - | <script-block> [-args <arg-array>]
                                | <string> [<CommandParameters>] } ]
                  [-CommandWithArgs <string> [<CommandParameters>]
                  [-ConfigurationName <string>] [-ConfigurationFile <filePath>]
                  [-CustomPipeName <string>] [-EncodedCommand <Base64EncodedCommand>]
                  [-ExecutionPolicy <ExecutionPolicy>] [-InputFormat {Text | XML}]
                  [-Interactive] [-MTA] [-NoExit] [-NoLogo] [-NonInteractive] [-NoProfile]
                  [-NoProfileLoadTime] [-OutputFormat {Text | XML}]
                  [-SettingsFile <filePath>] [-SSHServerMode] [-STA]
                  [-Version] [-WindowStyle <style>]
                  [-WorkingDirectory <directoryPath>]

       pwsh[.exe] -h | -Help | -? | /?

PowerShell Online Help https://aka.ms/powershell-docs

All parameters are case-insensitive.

=== TEST-022 (AC-011): P1 (email, non-reserved domain) triggers a PII finding ===
FAIL: TEST-022: expected a PII finding, got 64. Output: The argument '/Users/jrmag/Projects/active/sdd-forge-wt-phase4/plugins/sdd-bootstrap/scripts/design-sync-scan.ps1' is not recognized as the name of a script file. Check the spelling of the name, or if a path was included, verify that the path is correct and try again.

Usage: pwsh[.exe] [-Login] [[-File] <filePath> [args]]
                  [-Command { - | <script-block> [-args <arg-array>]
                                | <string> [<CommandParameters>] } ]
                  [-CommandWithArgs <string> [<CommandParameters>]
                  [-ConfigurationName <string>] [-ConfigurationFile <filePath>]
                  [-CustomPipeName <string>] [-EncodedCommand <Base64EncodedCommand>]
                  [-ExecutionPolicy <ExecutionPolicy>] [-InputFormat {Text | XML}]
                  [-Interactive] [-MTA] [-NoExit] [-NoLogo] [-NonInteractive] [-NoProfile]
                  [-NoProfileLoadTime] [-OutputFormat {Text | XML}]
                  [-SettingsFile <filePath>] [-SSHServerMode] [-STA]
                  [-Version] [-WindowStyle <style>]
                  [-WorkingDirectory <directoryPath>]

       pwsh[.exe] -h | -Help | -? | /?

PowerShell Online Help https://aka.ms/powershell-docs

All parameters are case-insensitive.

=== TEST-023 (AC-011): P2 (E.164-shaped phone) triggers a PII finding ===
FAIL: TEST-023: expected a PII finding, got 64. Output: The argument '/Users/jrmag/Projects/active/sdd-forge-wt-phase4/plugins/sdd-bootstrap/scripts/design-sync-scan.ps1' is not recognized as the name of a script file. Check the spelling of the name, or if a path was included, verify that the path is correct and try again.

Usage: pwsh[.exe] [-Login] [[-File] <filePath> [args]]
                  [-Command { - | <script-block> [-args <arg-array>]
                                | <string> [<CommandParameters>] } ]
                  [-CommandWithArgs <string> [<CommandParameters>]
                  [-ConfigurationName <string>] [-ConfigurationFile <filePath>]
                  [-CustomPipeName <string>] [-EncodedCommand <Base64EncodedCommand>]
                  [-ExecutionPolicy <ExecutionPolicy>] [-InputFormat {Text | XML}]
                  [-Interactive] [-MTA] [-NoExit] [-NoLogo] [-NonInteractive] [-NoProfile]
                  [-NoProfileLoadTime] [-OutputFormat {Text | XML}]
                  [-SettingsFile <filePath>] [-SSHServerMode] [-STA]
                  [-Version] [-WindowStyle <style>]
                  [-WorkingDirectory <directoryPath>]

       pwsh[.exe] -h | -Help | -? | /?

PowerShell Online Help https://aka.ms/powershell-docs

All parameters are case-insensitive.

=== TEST-024, TEST-057 - TEST-062 (AC-011): the seven RFC 2606/6761 reserved domains/TLDs do not trigger ===
FAIL: TEST-024 (example.com): user@example.com must not trigger, got exit 64. Output: The argument '/Users/jrmag/Projects/active/sdd-forge-wt-phase4/plugins/sdd-bootstrap/scripts/design-sync-scan.ps1' is not recognized as the name of a script file. Check the spelling of the name, or if a path was included, verify that the path is correct and try again.

Usage: pwsh[.exe] [-Login] [[-File] <filePath> [args]]
                  [-Command { - | <script-block> [-args <arg-array>]
                                | <string> [<CommandParameters>] } ]
                  [-CommandWithArgs <string> [<CommandParameters>]
                  [-ConfigurationName <string>] [-ConfigurationFile <filePath>]
                  [-CustomPipeName <string>] [-EncodedCommand <Base64EncodedCommand>]
                  [-ExecutionPolicy <ExecutionPolicy>] [-InputFormat {Text | XML}]
                  [-Interactive] [-MTA] [-NoExit] [-NoLogo] [-NonInteractive] [-NoProfile]
                  [-NoProfileLoadTime] [-OutputFormat {Text | XML}]
                  [-SettingsFile <filePath>] [-SSHServerMode] [-STA]
                  [-Version] [-WindowStyle <style>]
                  [-WorkingDirectory <directoryPath>]

       pwsh[.exe] -h | -Help | -? | /?

PowerShell Online Help https://aka.ms/powershell-docs

All parameters are case-insensitive.
FAIL: TEST-057 (example.net): user@example.net must not trigger, got exit 64. Output: The argument '/Users/jrmag/Projects/active/sdd-forge-wt-phase4/plugins/sdd-bootstrap/scripts/design-sync-scan.ps1' is not recognized as the name of a script file. Check the spelling of the name, or if a path was included, verify that the path is correct and try again.

Usage: pwsh[.exe] [-Login] [[-File] <filePath> [args]]
                  [-Command { - | <script-block> [-args <arg-array>]
                                | <string> [<CommandParameters>] } ]
                  [-CommandWithArgs <string> [<CommandParameters>]
                  [-ConfigurationName <string>] [-ConfigurationFile <filePath>]
                  [-CustomPipeName <string>] [-EncodedCommand <Base64EncodedCommand>]
                  [-ExecutionPolicy <ExecutionPolicy>] [-InputFormat {Text | XML}]
                  [-Interactive] [-MTA] [-NoExit] [-NoLogo] [-NonInteractive] [-NoProfile]
                  [-NoProfileLoadTime] [-OutputFormat {Text | XML}]
                  [-SettingsFile <filePath>] [-SSHServerMode] [-STA]
                  [-Version] [-WindowStyle <style>]
                  [-WorkingDirectory <directoryPath>]

       pwsh[.exe] -h | -Help | -? | /?

PowerShell Online Help https://aka.ms/powershell-docs

All parameters are case-insensitive.
FAIL: TEST-058 (example.org): user@example.org must not trigger, got exit 64. Output: The argument '/Users/jrmag/Projects/active/sdd-forge-wt-phase4/plugins/sdd-bootstrap/scripts/design-sync-scan.ps1' is not recognized as the name of a script file. Check the spelling of the name, or if a path was included, verify that the path is correct and try again.

Usage: pwsh[.exe] [-Login] [[-File] <filePath> [args]]
                  [-Command { - | <script-block> [-args <arg-array>]
                                | <string> [<CommandParameters>] } ]
                  [-CommandWithArgs <string> [<CommandParameters>]
                  [-ConfigurationName <string>] [-ConfigurationFile <filePath>]
                  [-CustomPipeName <string>] [-EncodedCommand <Base64EncodedCommand>]
                  [-ExecutionPolicy <ExecutionPolicy>] [-InputFormat {Text | XML}]
                  [-Interactive] [-MTA] [-NoExit] [-NoLogo] [-NonInteractive] [-NoProfile]
                  [-NoProfileLoadTime] [-OutputFormat {Text | XML}]
                  [-SettingsFile <filePath>] [-SSHServerMode] [-STA]
                  [-Version] [-WindowStyle <style>]
                  [-WorkingDirectory <directoryPath>]

       pwsh[.exe] -h | -Help | -? | /?

PowerShell Online Help https://aka.ms/powershell-docs

All parameters are case-insensitive.
FAIL: TEST-059 (.test): user@mockups.test must not trigger, got exit 64. Output: The argument '/Users/jrmag/Projects/active/sdd-forge-wt-phase4/plugins/sdd-bootstrap/scripts/design-sync-scan.ps1' is not recognized as the name of a script file. Check the spelling of the name, or if a path was included, verify that the path is correct and try again.

Usage: pwsh[.exe] [-Login] [[-File] <filePath> [args]]
                  [-Command { - | <script-block> [-args <arg-array>]
                                | <string> [<CommandParameters>] } ]
                  [-CommandWithArgs <string> [<CommandParameters>]
                  [-ConfigurationName <string>] [-ConfigurationFile <filePath>]
                  [-CustomPipeName <string>] [-EncodedCommand <Base64EncodedCommand>]
                  [-ExecutionPolicy <ExecutionPolicy>] [-InputFormat {Text | XML}]
                  [-Interactive] [-MTA] [-NoExit] [-NoLogo] [-NonInteractive] [-NoProfile]
                  [-NoProfileLoadTime] [-OutputFormat {Text | XML}]
                  [-SettingsFile <filePath>] [-SSHServerMode] [-STA]
                  [-Version] [-WindowStyle <style>]
                  [-WorkingDirectory <directoryPath>]

       pwsh[.exe] -h | -Help | -? | /?

PowerShell Online Help https://aka.ms/powershell-docs

All parameters are case-insensitive.
FAIL: TEST-060 (.example): user@mockups.example must not trigger, got exit 64. Output: The argument '/Users/jrmag/Projects/active/sdd-forge-wt-phase4/plugins/sdd-bootstrap/scripts/design-sync-scan.ps1' is not recognized as the name of a script file. Check the spelling of the name, or if a path was included, verify that the path is correct and try again.

Usage: pwsh[.exe] [-Login] [[-File] <filePath> [args]]
                  [-Command { - | <script-block> [-args <arg-array>]
                                | <string> [<CommandParameters>] } ]
                  [-CommandWithArgs <string> [<CommandParameters>]
                  [-ConfigurationName <string>] [-ConfigurationFile <filePath>]
                  [-CustomPipeName <string>] [-EncodedCommand <Base64EncodedCommand>]
                  [-ExecutionPolicy <ExecutionPolicy>] [-InputFormat {Text | XML}]
                  [-Interactive] [-MTA] [-NoExit] [-NoLogo] [-NonInteractive] [-NoProfile]
                  [-NoProfileLoadTime] [-OutputFormat {Text | XML}]
                  [-SettingsFile <filePath>] [-SSHServerMode] [-STA]
                  [-Version] [-WindowStyle <style>]
                  [-WorkingDirectory <directoryPath>]

       pwsh[.exe] -h | -Help | -? | /?

PowerShell Online Help https://aka.ms/powershell-docs

All parameters are case-insensitive.
FAIL: TEST-061 (.invalid): user@mockups.invalid must not trigger, got exit 64. Output: The argument '/Users/jrmag/Projects/active/sdd-forge-wt-phase4/plugins/sdd-bootstrap/scripts/design-sync-scan.ps1' is not recognized as the name of a script file. Check the spelling of the name, or if a path was included, verify that the path is correct and try again.

Usage: pwsh[.exe] [-Login] [[-File] <filePath> [args]]
                  [-Command { - | <script-block> [-args <arg-array>]
                                | <string> [<CommandParameters>] } ]
                  [-CommandWithArgs <string> [<CommandParameters>]
                  [-ConfigurationName <string>] [-ConfigurationFile <filePath>]
                  [-CustomPipeName <string>] [-EncodedCommand <Base64EncodedCommand>]
                  [-ExecutionPolicy <ExecutionPolicy>] [-InputFormat {Text | XML}]
                  [-Interactive] [-MTA] [-NoExit] [-NoLogo] [-NonInteractive] [-NoProfile]
                  [-NoProfileLoadTime] [-OutputFormat {Text | XML}]
                  [-SettingsFile <filePath>] [-SSHServerMode] [-STA]
                  [-Version] [-WindowStyle <style>]
                  [-WorkingDirectory <directoryPath>]

       pwsh[.exe] -h | -Help | -? | /?

PowerShell Online Help https://aka.ms/powershell-docs

All parameters are case-insensitive.
FAIL: TEST-062 (.localhost): user@mockups.localhost must not trigger, got exit 64. Output: The argument '/Users/jrmag/Projects/active/sdd-forge-wt-phase4/plugins/sdd-bootstrap/scripts/design-sync-scan.ps1' is not recognized as the name of a script file. Check the spelling of the name, or if a path was included, verify that the path is correct and try again.

Usage: pwsh[.exe] [-Login] [[-File] <filePath> [args]]
                  [-Command { - | <script-block> [-args <arg-array>]
                                | <string> [<CommandParameters>] } ]
                  [-CommandWithArgs <string> [<CommandParameters>]
                  [-ConfigurationName <string>] [-ConfigurationFile <filePath>]
                  [-CustomPipeName <string>] [-EncodedCommand <Base64EncodedCommand>]
                  [-ExecutionPolicy <ExecutionPolicy>] [-InputFormat {Text | XML}]
                  [-Interactive] [-MTA] [-NoExit] [-NoLogo] [-NonInteractive] [-NoProfile]
                  [-NoProfileLoadTime] [-OutputFormat {Text | XML}]
                  [-SettingsFile <filePath>] [-SSHServerMode] [-STA]
                  [-Version] [-WindowStyle <style>]
                  [-WorkingDirectory <directoryPath>]

       pwsh[.exe] -h | -Help | -? | /?

PowerShell Online Help https://aka.ms/powershell-docs

All parameters are case-insensitive.

=== TEST-080 - TEST-082 (AC-011): P2's three negative boundary shapes ===
FAIL: TEST-080: expected exit 0, got 64. Output: The argument '/Users/jrmag/Projects/active/sdd-forge-wt-phase4/plugins/sdd-bootstrap/scripts/design-sync-scan.ps1' is not recognized as the name of a script file. Check the spelling of the name, or if a path was included, verify that the path is correct and try again.

Usage: pwsh[.exe] [-Login] [[-File] <filePath> [args]]
                  [-Command { - | <script-block> [-args <arg-array>]
                                | <string> [<CommandParameters>] } ]
                  [-CommandWithArgs <string> [<CommandParameters>]
                  [-ConfigurationName <string>] [-ConfigurationFile <filePath>]
                  [-CustomPipeName <string>] [-EncodedCommand <Base64EncodedCommand>]
                  [-ExecutionPolicy <ExecutionPolicy>] [-InputFormat {Text | XML}]
                  [-Interactive] [-MTA] [-NoExit] [-NoLogo] [-NonInteractive] [-NoProfile]
                  [-NoProfileLoadTime] [-OutputFormat {Text | XML}]
                  [-SettingsFile <filePath>] [-SSHServerMode] [-STA]
                  [-Version] [-WindowStyle <style>]
                  [-WorkingDirectory <directoryPath>]

       pwsh[.exe] -h | -Help | -? | /?

PowerShell Online Help https://aka.ms/powershell-docs

All parameters are case-insensitive.
FAIL: TEST-081: expected exit 0, got 64. Output: The argument '/Users/jrmag/Projects/active/sdd-forge-wt-phase4/plugins/sdd-bootstrap/scripts/design-sync-scan.ps1' is not recognized as the name of a script file. Check the spelling of the name, or if a path was included, verify that the path is correct and try again.

Usage: pwsh[.exe] [-Login] [[-File] <filePath> [args]]
                  [-Command { - | <script-block> [-args <arg-array>]
                                | <string> [<CommandParameters>] } ]
                  [-CommandWithArgs <string> [<CommandParameters>]
                  [-ConfigurationName <string>] [-ConfigurationFile <filePath>]
                  [-CustomPipeName <string>] [-EncodedCommand <Base64EncodedCommand>]
                  [-ExecutionPolicy <ExecutionPolicy>] [-InputFormat {Text | XML}]
                  [-Interactive] [-MTA] [-NoExit] [-NoLogo] [-NonInteractive] [-NoProfile]
                  [-NoProfileLoadTime] [-OutputFormat {Text | XML}]
                  [-SettingsFile <filePath>] [-SSHServerMode] [-STA]
                  [-Version] [-WindowStyle <style>]
                  [-WorkingDirectory <directoryPath>]

       pwsh[.exe] -h | -Help | -? | /?

PowerShell Online Help https://aka.ms/powershell-docs

All parameters are case-insensitive.
FAIL: TEST-082: expected exit 0, got 64. Output: The argument '/Users/jrmag/Projects/active/sdd-forge-wt-phase4/plugins/sdd-bootstrap/scripts/design-sync-scan.ps1' is not recognized as the name of a script file. Check the spelling of the name, or if a path was included, verify that the path is correct and try again.

Usage: pwsh[.exe] [-Login] [[-File] <filePath> [args]]
                  [-Command { - | <script-block> [-args <arg-array>]
                                | <string> [<CommandParameters>] } ]
                  [-CommandWithArgs <string> [<CommandParameters>]
                  [-ConfigurationName <string>] [-ConfigurationFile <filePath>]
                  [-CustomPipeName <string>] [-EncodedCommand <Base64EncodedCommand>]
                  [-ExecutionPolicy <ExecutionPolicy>] [-InputFormat {Text | XML}]
                  [-Interactive] [-MTA] [-NoExit] [-NoLogo] [-NonInteractive] [-NoProfile]
                  [-NoProfileLoadTime] [-OutputFormat {Text | XML}]
                  [-SettingsFile <filePath>] [-SSHServerMode] [-STA]
                  [-Version] [-WindowStyle <style>]
                  [-WorkingDirectory <directoryPath>]

       pwsh[.exe] -h | -Help | -? | /?

PowerShell Online Help https://aka.ms/powershell-docs

All parameters are case-insensitive.
FAIL: TEST-082-control: expected exit 1 (positive control), got 64. Output: The argument '/Users/jrmag/Projects/active/sdd-forge-wt-phase4/plugins/sdd-bootstrap/scripts/design-sync-scan.ps1' is not recognized as the name of a script file. Check the spelling of the name, or if a path was included, verify that the path is correct and try again.

Usage: pwsh[.exe] [-Login] [[-File] <filePath> [args]]
                  [-Command { - | <script-block> [-args <arg-array>]
                                | <string> [<CommandParameters>] } ]
                  [-CommandWithArgs <string> [<CommandParameters>]
                  [-ConfigurationName <string>] [-ConfigurationFile <filePath>]
                  [-CustomPipeName <string>] [-EncodedCommand <Base64EncodedCommand>]
                  [-ExecutionPolicy <ExecutionPolicy>] [-InputFormat {Text | XML}]
                  [-Interactive] [-MTA] [-NoExit] [-NoLogo] [-NonInteractive] [-NoProfile]
                  [-NoProfileLoadTime] [-OutputFormat {Text | XML}]
                  [-SettingsFile <filePath>] [-SSHServerMode] [-STA]
                  [-Version] [-WindowStyle <style>]
                  [-WorkingDirectory <directoryPath>]

       pwsh[.exe] -h | -Help | -? | /?

PowerShell Online Help https://aka.ms/powershell-docs

All parameters are case-insensitive.

=== TEST-025 (AC-012): a mixed-category fixture's report labels every finding with its correct category ===
FAIL: TEST-025: expected placeholder@3, secret@4, PII@5, correctly labelled. Output: The argument '/Users/jrmag/Projects/active/sdd-forge-wt-phase4/plugins/sdd-bootstrap/scripts/design-sync-scan.ps1' is not recognized as the name of a script file. Check the spelling of the name, or if a path was included, verify that the path is correct and try again.

Usage: pwsh[.exe] [-Login] [[-File] <filePath> [args]]
                  [-Command { - | <script-block> [-args <arg-array>]
                                | <string> [<CommandParameters>] } ]
                  [-CommandWithArgs <string> [<CommandParameters>]
                  [-ConfigurationName <string>] [-ConfigurationFile <filePath>]
                  [-CustomPipeName <string>] [-EncodedCommand <Base64EncodedCommand>]
                  [-ExecutionPolicy <ExecutionPolicy>] [-InputFormat {Text | XML}]
                  [-Interactive] [-MTA] [-NoExit] [-NoLogo] [-NonInteractive] [-NoProfile]
                  [-NoProfileLoadTime] [-OutputFormat {Text | XML}]
                  [-SettingsFile <filePath>] [-SSHServerMode] [-STA]
                  [-Version] [-WindowStyle <style>]
                  [-WorkingDirectory <directoryPath>]

       pwsh[.exe] -h | -Help | -? | /?

PowerShell Online Help https://aka.ms/powershell-docs

All parameters are case-insensitive.

=== TEST-026 (AC-013): a multi-file fixture's report gives correct, distinct file:line per finding ===
FAIL: TEST-026: expected a/one.html:3, b/two.html:4, c/three.html:5, got exit 64. Output: The argument '/Users/jrmag/Projects/active/sdd-forge-wt-phase4/plugins/sdd-bootstrap/scripts/design-sync-scan.ps1' is not recognized as the name of a script file. Check the spelling of the name, or if a path was included, verify that the path is correct and try again.

Usage: pwsh[.exe] [-Login] [[-File] <filePath> [args]]
                  [-Command { - | <script-block> [-args <arg-array>]
                                | <string> [<CommandParameters>] } ]
                  [-CommandWithArgs <string> [<CommandParameters>]
                  [-ConfigurationName <string>] [-ConfigurationFile <filePath>]
                  [-CustomPipeName <string>] [-EncodedCommand <Base64EncodedCommand>]
                  [-ExecutionPolicy <ExecutionPolicy>] [-InputFormat {Text | XML}]
                  [-Interactive] [-MTA] [-NoExit] [-NoLogo] [-NonInteractive] [-NoProfile]
                  [-NoProfileLoadTime] [-OutputFormat {Text | XML}]
                  [-SettingsFile <filePath>] [-SSHServerMode] [-STA]
                  [-Version] [-WindowStyle <style>]
                  [-WorkingDirectory <directoryPath>]

       pwsh[.exe] -h | -Help | -? | /?

PowerShell Online Help https://aka.ms/powershell-docs

All parameters are case-insensitive.

=== TEST-027, TEST-028, TEST-029, TEST-063 (AC-014): masking is category-differentiated ===
ok: TEST-027: a secret finding's report line does not contain the matched secret value
FAIL: TEST-027b: expected [REDACTED] in the report. Output: The argument '/Users/jrmag/Projects/active/sdd-forge-wt-phase4/plugins/sdd-bootstrap/scripts/design-sync-scan.ps1' is not recognized as the name of a script file. Check the spelling of the name, or if a path was included, verify that the path is correct and try again.

Usage: pwsh[.exe] [-Login] [[-File] <filePath> [args]]
                  [-Command { - | <script-block> [-args <arg-array>]
                                | <string> [<CommandParameters>] } ]
                  [-CommandWithArgs <string> [<CommandParameters>]
                  [-ConfigurationName <string>] [-ConfigurationFile <filePath>]
                  [-CustomPipeName <string>] [-EncodedCommand <Base64EncodedCommand>]
                  [-ExecutionPolicy <ExecutionPolicy>] [-InputFormat {Text | XML}]
                  [-Interactive] [-MTA] [-NoExit] [-NoLogo] [-NonInteractive] [-NoProfile]
                  [-NoProfileLoadTime] [-OutputFormat {Text | XML}]
                  [-SettingsFile <filePath>] [-SSHServerMode] [-STA]
                  [-Version] [-WindowStyle <style>]
                  [-WorkingDirectory <directoryPath>]

       pwsh[.exe] -h | -Help | -? | /?

PowerShell Online Help https://aka.ms/powershell-docs

All parameters are case-insensitive.
ok: TEST-028: a PII/email finding's report line does not contain the matched address
ok: TEST-063: a PII/phone finding's report line does not contain the matched number
FAIL: TEST-029: expected the literal marker TODO in the report. Output: The argument '/Users/jrmag/Projects/active/sdd-forge-wt-phase4/plugins/sdd-bootstrap/scripts/design-sync-scan.ps1' is not recognized as the name of a script file. Check the spelling of the name, or if a path was included, verify that the path is correct and try again.

Usage: pwsh[.exe] [-Login] [[-File] <filePath> [args]]
                  [-Command { - | <script-block> [-args <arg-array>]
                                | <string> [<CommandParameters>] } ]
                  [-CommandWithArgs <string> [<CommandParameters>]
                  [-ConfigurationName <string>] [-ConfigurationFile <filePath>]
                  [-CustomPipeName <string>] [-EncodedCommand <Base64EncodedCommand>]
                  [-ExecutionPolicy <ExecutionPolicy>] [-InputFormat {Text | XML}]
                  [-Interactive] [-MTA] [-NoExit] [-NoLogo] [-NonInteractive] [-NoProfile]
                  [-NoProfileLoadTime] [-OutputFormat {Text | XML}]
                  [-SettingsFile <filePath>] [-SSHServerMode] [-STA]
                  [-Version] [-WindowStyle <style>]
                  [-WorkingDirectory <directoryPath>]

       pwsh[.exe] -h | -Help | -? | /?

PowerShell Online Help https://aka.ms/powershell-docs

All parameters are case-insensitive.

=== TEST-030 (AC-015): the script completes with stdin closed, no interactive read, no hang ===
ok: TEST-030: the scan completed within 5s with stdin closed (exit 64) -- no interactive read, no prompt, no hang

=== TEST-034 (.ps1 half of AC-018): the script's header comment states the egress-hygiene-only scope ===
FAIL: TEST-034a: header must state 'egress hygiene'. Header: 
FAIL: TEST-034b: header must disclaim quality/fidelity/accessibility/design-system judgment. Header: 

=== TEST-048 (.ps1 half of AC-030): no finite-set host/tool identifier appears as a branch condition ===
FAIL: TEST-048: /Users/jrmag/Projects/active/sdd-forge-wt-phase4/plugins/sdd-bootstrap/scripts/design-sync-scan.ps1 does not exist -- cannot inspect its source for forbidden identifiers

=== TEST-069 (.ps1 half of AC-030): representative-caller parity -- Claude-Code-style vs bare-terminal/Codex-style env ===
ok: TEST-069: the same fixture, invoked once under a Claude-Code-style env and once under a bare-terminal/Codex-style env, is exit-code- and report-identical

=== TEST-052 (AC-034): traceability manifest -- every REQ-001..REQ-009 AC-NNN heading appears in acceptance-tests.md's AC column ===
ok: TEST-052-setup: extracted 36 AC headings from requirements.md's REQ-001..REQ-009 sections
ok: TEST-052: every REQ-001..REQ-009 AC-NNN heading in requirements.md appears at least once in acceptance-tests.md

=== Cross-runtime exit-code parity (AC-031): TEST-049, TEST-070 - TEST-076 ===
FAIL: TEST-049 (AC-031, placeholder-only): exit codes diverged -- ps1=64 sh=1. ps1 output: The argument '/Users/jrmag/Projects/active/sdd-forge-wt-phase4/plugins/sdd-bootstrap/scripts/design-sync-scan.ps1' is not recognized as the name of a script file. Check the spelling of the name, or if a path was included, verify that the path is correct and try again.

Usage: pwsh[.exe] [-Login] [[-File] <filePath> [args]]
                  [-Command { - | <script-block> [-args <arg-array>]
                                | <string> [<CommandParameters>] } ]
                  [-CommandWithArgs <string> [<CommandParameters>]
                  [-ConfigurationName <string>] [-ConfigurationFile <filePath>]
                  [-CustomPipeName <string>] [-EncodedCommand <Base64EncodedCommand>]
                  [-ExecutionPolicy <ExecutionPolicy>] [-InputFormat {Text | XML}]
                  [-Interactive] [-MTA] [-NoExit] [-NoLogo] [-NonInteractive] [-NoProfile]
                  [-NoProfileLoadTime] [-OutputFormat {Text | XML}]
                  [-SettingsFile <filePath>] [-SSHServerMode] [-STA]
                  [-Version] [-WindowStyle <style>]
                  [-WorkingDirectory <directoryPath>]

       pwsh[.exe] -h | -Help | -? | /?

PowerShell Online Help https://aka.ms/powershell-docs

All parameters are case-insensitive. | sh output: Design-Sync Scan FAILED (1 finding(s)):
 - placeholder /var/folders/7z/hjmz6jdj4wb40srf64sl368w0000gn/T/design-sync-scan-ps1-tests-5c12760da9594fc38f1e0d6b1faa878b/t006/ph.html:2: TODO
Findings must be reviewed. Continuing past a FAILED scan requires an
explicit human override, recorded in Design-Source as
Egress-Scan: overridden.
FAIL: TEST-070 (AC-031, secret-only): exit codes diverged -- ps1=64 sh=1. ps1 output: The argument '/Users/jrmag/Projects/active/sdd-forge-wt-phase4/plugins/sdd-bootstrap/scripts/design-sync-scan.ps1' is not recognized as the name of a script file. Check the spelling of the name, or if a path was included, verify that the path is correct and try again.

Usage: pwsh[.exe] [-Login] [[-File] <filePath> [args]]
                  [-Command { - | <script-block> [-args <arg-array>]
                                | <string> [<CommandParameters>] } ]
                  [-CommandWithArgs <string> [<CommandParameters>]
                  [-ConfigurationName <string>] [-ConfigurationFile <filePath>]
                  [-CustomPipeName <string>] [-EncodedCommand <Base64EncodedCommand>]
                  [-ExecutionPolicy <ExecutionPolicy>] [-InputFormat {Text | XML}]
                  [-Interactive] [-MTA] [-NoExit] [-NoLogo] [-NonInteractive] [-NoProfile]
                  [-NoProfileLoadTime] [-OutputFormat {Text | XML}]
                  [-SettingsFile <filePath>] [-SSHServerMode] [-STA]
                  [-Version] [-WindowStyle <style>]
                  [-WorkingDirectory <directoryPath>]

       pwsh[.exe] -h | -Help | -? | /?

PowerShell Online Help https://aka.ms/powershell-docs

All parameters are case-insensitive. | sh output: Design-Sync Scan FAILED (1 finding(s)):
 - secret      /var/folders/7z/hjmz6jdj4wb40srf64sl368w0000gn/T/design-sync-scan-ps1-tests-5c12760da9594fc38f1e0d6b1faa878b/t007/sec.html:2: [REDACTED]
Findings must be reviewed. Continuing past a FAILED scan requires an
explicit human override, recorded in Design-Source as
Egress-Scan: overridden.
FAIL: TEST-071 (AC-031, PII-only): exit codes diverged -- ps1=64 sh=1. ps1 output: The argument '/Users/jrmag/Projects/active/sdd-forge-wt-phase4/plugins/sdd-bootstrap/scripts/design-sync-scan.ps1' is not recognized as the name of a script file. Check the spelling of the name, or if a path was included, verify that the path is correct and try again.

Usage: pwsh[.exe] [-Login] [[-File] <filePath> [args]]
                  [-Command { - | <script-block> [-args <arg-array>]
                                | <string> [<CommandParameters>] } ]
                  [-CommandWithArgs <string> [<CommandParameters>]
                  [-ConfigurationName <string>] [-ConfigurationFile <filePath>]
                  [-CustomPipeName <string>] [-EncodedCommand <Base64EncodedCommand>]
                  [-ExecutionPolicy <ExecutionPolicy>] [-InputFormat {Text | XML}]
                  [-Interactive] [-MTA] [-NoExit] [-NoLogo] [-NonInteractive] [-NoProfile]
                  [-NoProfileLoadTime] [-OutputFormat {Text | XML}]
                  [-SettingsFile <filePath>] [-SSHServerMode] [-STA]
                  [-Version] [-WindowStyle <style>]
                  [-WorkingDirectory <directoryPath>]

       pwsh[.exe] -h | -Help | -? | /?

PowerShell Online Help https://aka.ms/powershell-docs

All parameters are case-insensitive. | sh output: Design-Sync Scan FAILED (1 finding(s)):
 - PII         /var/folders/7z/hjmz6jdj4wb40srf64sl368w0000gn/T/design-sync-scan-ps1-tests-5c12760da9594fc38f1e0d6b1faa878b/t008/pii.html:2: [REDACTED]
Findings must be reviewed. Continuing past a FAILED scan requires an
explicit human override, recorded in Design-Source as
Egress-Scan: overridden.
FAIL: TEST-072 (AC-031, mixed-category): exit codes diverged -- ps1=64 sh=1. ps1 output: The argument '/Users/jrmag/Projects/active/sdd-forge-wt-phase4/plugins/sdd-bootstrap/scripts/design-sync-scan.ps1' is not recognized as the name of a script file. Check the spelling of the name, or if a path was included, verify that the path is correct and try again.

Usage: pwsh[.exe] [-Login] [[-File] <filePath> [args]]
                  [-Command { - | <script-block> [-args <arg-array>]
                                | <string> [<CommandParameters>] } ]
                  [-CommandWithArgs <string> [<CommandParameters>]
                  [-ConfigurationName <string>] [-ConfigurationFile <filePath>]
                  [-CustomPipeName <string>] [-EncodedCommand <Base64EncodedCommand>]
                  [-ExecutionPolicy <ExecutionPolicy>] [-InputFormat {Text | XML}]
                  [-Interactive] [-MTA] [-NoExit] [-NoLogo] [-NonInteractive] [-NoProfile]
                  [-NoProfileLoadTime] [-OutputFormat {Text | XML}]
                  [-SettingsFile <filePath>] [-SSHServerMode] [-STA]
                  [-Version] [-WindowStyle <style>]
                  [-WorkingDirectory <directoryPath>]

       pwsh[.exe] -h | -Help | -? | /?

PowerShell Online Help https://aka.ms/powershell-docs

All parameters are case-insensitive. | sh output: Design-Sync Scan FAILED (3 finding(s)):
 - placeholder /var/folders/7z/hjmz6jdj4wb40srf64sl368w0000gn/T/design-sync-scan-ps1-tests-5c12760da9594fc38f1e0d6b1faa878b/t009/mixed.html:2: TODO
 - secret      /var/folders/7z/hjmz6jdj4wb40srf64sl368w0000gn/T/design-sync-scan-ps1-tests-5c12760da9594fc38f1e0d6b1faa878b/t009/mixed.html:3: [REDACTED]
 - PII         /var/folders/7z/hjmz6jdj4wb40srf64sl368w0000gn/T/design-sync-scan-ps1-tests-5c12760da9594fc38f1e0d6b1faa878b/t009/mixed.html:4: [REDACTED]
Findings must be reviewed. Continuing past a FAILED scan requires an
explicit human override, recorded in Design-Source as
Egress-Scan: overridden.
FAIL: TEST-073 (AC-031, clean): exit codes diverged -- ps1=64 sh=0. ps1 output: The argument '/Users/jrmag/Projects/active/sdd-forge-wt-phase4/plugins/sdd-bootstrap/scripts/design-sync-scan.ps1' is not recognized as the name of a script file. Check the spelling of the name, or if a path was included, verify that the path is correct and try again.

Usage: pwsh[.exe] [-Login] [[-File] <filePath> [args]]
                  [-Command { - | <script-block> [-args <arg-array>]
                                | <string> [<CommandParameters>] } ]
                  [-CommandWithArgs <string> [<CommandParameters>]
                  [-ConfigurationName <string>] [-ConfigurationFile <filePath>]
                  [-CustomPipeName <string>] [-EncodedCommand <Base64EncodedCommand>]
                  [-ExecutionPolicy <ExecutionPolicy>] [-InputFormat {Text | XML}]
                  [-Interactive] [-MTA] [-NoExit] [-NoLogo] [-NonInteractive] [-NoProfile]
                  [-NoProfileLoadTime] [-OutputFormat {Text | XML}]
                  [-SettingsFile <filePath>] [-SSHServerMode] [-STA]
                  [-Version] [-WindowStyle <style>]
                  [-WorkingDirectory <directoryPath>]

       pwsh[.exe] -h | -Help | -? | /?

PowerShell Online Help https://aka.ms/powershell-docs

All parameters are case-insensitive. | sh output: Design-Sync Scan passed (0 findings).
FAIL: TEST-074 (AC-031, zero-argument): exit codes diverged -- ps1=64 sh=2. ps1 output: The argument '/Users/jrmag/Projects/active/sdd-forge-wt-phase4/plugins/sdd-bootstrap/scripts/design-sync-scan.ps1' is not recognized as the name of a script file. Check the spelling of the name, or if a path was included, verify that the path is correct and try again.

Usage: pwsh[.exe] [-Login] [[-File] <filePath> [args]]
                  [-Command { - | <script-block> [-args <arg-array>]
                                | <string> [<CommandParameters>] } ]
                  [-CommandWithArgs <string> [<CommandParameters>]
                  [-ConfigurationName <string>] [-ConfigurationFile <filePath>]
                  [-CustomPipeName <string>] [-EncodedCommand <Base64EncodedCommand>]
                  [-ExecutionPolicy <ExecutionPolicy>] [-InputFormat {Text | XML}]
                  [-Interactive] [-MTA] [-NoExit] [-NoLogo] [-NonInteractive] [-NoProfile]
                  [-NoProfileLoadTime] [-OutputFormat {Text | XML}]
                  [-SettingsFile <filePath>] [-SSHServerMode] [-STA]
                  [-Version] [-WindowStyle <style>]
                  [-WorkingDirectory <directoryPath>]

       pwsh[.exe] -h | -Help | -? | /?

PowerShell Online Help https://aka.ms/powershell-docs

All parameters are case-insensitive. | sh output: usage: design-sync-scan.sh <target-dir>
FAIL: TEST-075 (AC-031, nonexistent target directory): exit codes diverged -- ps1=64 sh=2. ps1 output: The argument '/Users/jrmag/Projects/active/sdd-forge-wt-phase4/plugins/sdd-bootstrap/scripts/design-sync-scan.ps1' is not recognized as the name of a script file. Check the spelling of the name, or if a path was included, verify that the path is correct and try again.

Usage: pwsh[.exe] [-Login] [[-File] <filePath> [args]]
                  [-Command { - | <script-block> [-args <arg-array>]
                                | <string> [<CommandParameters>] } ]
                  [-CommandWithArgs <string> [<CommandParameters>]
                  [-ConfigurationName <string>] [-ConfigurationFile <filePath>]
                  [-CustomPipeName <string>] [-EncodedCommand <Base64EncodedCommand>]
                  [-ExecutionPolicy <ExecutionPolicy>] [-InputFormat {Text | XML}]
                  [-Interactive] [-MTA] [-NoExit] [-NoLogo] [-NonInteractive] [-NoProfile]
                  [-NoProfileLoadTime] [-OutputFormat {Text | XML}]
                  [-SettingsFile <filePath>] [-SSHServerMode] [-STA]
                  [-Version] [-WindowStyle <style>]
                  [-WorkingDirectory <directoryPath>]

       pwsh[.exe] -h | -Help | -? | /?

PowerShell Online Help https://aka.ms/powershell-docs

All parameters are case-insensitive. | sh output: design-sync-scan: target directory not found: /var/folders/7z/hjmz6jdj4wb40srf64sl368w0000gn/T/design-sync-scan-ps1-tests-5c12760da9594fc38f1e0d6b1faa878b/t011-does-not-exist
FAIL: TEST-076 (AC-031, unreadable file): exit codes diverged -- ps1=64 sh=2. ps1 output: The argument '/Users/jrmag/Projects/active/sdd-forge-wt-phase4/plugins/sdd-bootstrap/scripts/design-sync-scan.ps1' is not recognized as the name of a script file. Check the spelling of the name, or if a path was included, verify that the path is correct and try again.

Usage: pwsh[.exe] [-Login] [[-File] <filePath> [args]]
                  [-Command { - | <script-block> [-args <arg-array>]
                                | <string> [<CommandParameters>] } ]
                  [-CommandWithArgs <string> [<CommandParameters>]
                  [-ConfigurationName <string>] [-ConfigurationFile <filePath>]
                  [-CustomPipeName <string>] [-EncodedCommand <Base64EncodedCommand>]
                  [-ExecutionPolicy <ExecutionPolicy>] [-InputFormat {Text | XML}]
                  [-Interactive] [-MTA] [-NoExit] [-NoLogo] [-NonInteractive] [-NoProfile]
                  [-NoProfileLoadTime] [-OutputFormat {Text | XML}]
                  [-SettingsFile <filePath>] [-SSHServerMode] [-STA]
                  [-Version] [-WindowStyle <style>]
                  [-WorkingDirectory <directoryPath>]

       pwsh[.exe] -h | -Help | -? | /?

PowerShell Online Help https://aka.ms/powershell-docs

All parameters are case-insensitive. | sh output: design-sync-scan: cannot read file: /var/folders/7z/hjmz6jdj4wb40srf64sl368w0000gn/T/design-sync-scan-ps1-tests-5c12760da9594fc38f1e0d6b1faa878b/t076/blocked.html

=== Cross-runtime classification parity (AC-032): TEST-050, TEST-077 - TEST-079 ===
FAIL: TEST-050 (AC-032, placeholder): classification diverged. sh findings: placeholder|/var/folders/7z/hjmz6jdj4wb40srf64sl368w0000gn/T/design-sync-scan-ps1-tests-5c12760da9594fc38f1e0d6b1faa878b/t006/ph.html|2 | ps1 findings: 
FAIL: TEST-077 (AC-032, secret): classification diverged. sh findings: secret|/var/folders/7z/hjmz6jdj4wb40srf64sl368w0000gn/T/design-sync-scan-ps1-tests-5c12760da9594fc38f1e0d6b1faa878b/t007/sec.html|2 | ps1 findings: 
FAIL: TEST-078 (AC-032, PII): classification diverged. sh findings: PII|/var/folders/7z/hjmz6jdj4wb40srf64sl368w0000gn/T/design-sync-scan-ps1-tests-5c12760da9594fc38f1e0d6b1faa878b/t008/pii.html|2 | ps1 findings: 
FAIL: TEST-079 (AC-032, mixed): classification diverged. sh findings: PII|/var/folders/7z/hjmz6jdj4wb40srf64sl368w0000gn/T/design-sync-scan-ps1-tests-5c12760da9594fc38f1e0d6b1faa878b/t009/mixed.html|4; placeholder|/var/folders/7z/hjmz6jdj4wb40srf64sl368w0000gn/T/design-sync-scan-ps1-tests-5c12760da9594fc38f1e0d6b1faa878b/t009/mixed.html|2; secret|/var/folders/7z/hjmz6jdj4wb40srf64sl368w0000gn/T/design-sync-scan-ps1-tests-5c12760da9594fc38f1e0d6b1faa878b/t009/mixed.html|3 | ps1 findings: 

=== TEST-051 (AC-033, AGENTS.md item 1): case-sensitivity sweep -- a mis-cased negative fixture per case-sensitive pattern group, rejected identically to the .sh original ===
FAIL: TEST-051a (placeholder cs group, lower-cased 'todo') (ps1): expected exit 0 for the mis-cased negative fixture, got 64. Output: The argument '/Users/jrmag/Projects/active/sdd-forge-wt-phase4/plugins/sdd-bootstrap/scripts/design-sync-scan.ps1' is not recognized as the name of a script file. Check the spelling of the name, or if a path was included, verify that the path is correct and try again.

Usage: pwsh[.exe] [-Login] [[-File] <filePath> [args]]
                  [-Command { - | <script-block> [-args <arg-array>]
                                | <string> [<CommandParameters>] } ]
                  [-CommandWithArgs <string> [<CommandParameters>]
                  [-ConfigurationName <string>] [-ConfigurationFile <filePath>]
                  [-CustomPipeName <string>] [-EncodedCommand <Base64EncodedCommand>]
                  [-ExecutionPolicy <ExecutionPolicy>] [-InputFormat {Text | XML}]
                  [-Interactive] [-MTA] [-NoExit] [-NoLogo] [-NonInteractive] [-NoProfile]
                  [-NoProfileLoadTime] [-OutputFormat {Text | XML}]
                  [-SettingsFile <filePath>] [-SSHServerMode] [-STA]
                  [-Version] [-WindowStyle <style>]
                  [-WorkingDirectory <directoryPath>]

       pwsh[.exe] -h | -Help | -? | /?

PowerShell Online Help https://aka.ms/powershell-docs

All parameters are case-insensitive.
FAIL: TEST-051a (placeholder cs group, lower-cased 'todo') (cross-runtime): ps1 exit=64 sh exit=0 -- diverged. ps1 output: The argument '/Users/jrmag/Projects/active/sdd-forge-wt-phase4/plugins/sdd-bootstrap/scripts/design-sync-scan.ps1' is not recognized as the name of a script file. Check the spelling of the name, or if a path was included, verify that the path is correct and try again.

Usage: pwsh[.exe] [-Login] [[-File] <filePath> [args]]
                  [-Command { - | <script-block> [-args <arg-array>]
                                | <string> [<CommandParameters>] } ]
                  [-CommandWithArgs <string> [<CommandParameters>]
                  [-ConfigurationName <string>] [-ConfigurationFile <filePath>]
                  [-CustomPipeName <string>] [-EncodedCommand <Base64EncodedCommand>]
                  [-ExecutionPolicy <ExecutionPolicy>] [-InputFormat {Text | XML}]
                  [-Interactive] [-MTA] [-NoExit] [-NoLogo] [-NonInteractive] [-NoProfile]
                  [-NoProfileLoadTime] [-OutputFormat {Text | XML}]
                  [-SettingsFile <filePath>] [-SSHServerMode] [-STA]
                  [-Version] [-WindowStyle <style>]
                  [-WorkingDirectory <directoryPath>]

       pwsh[.exe] -h | -Help | -? | /?

PowerShell Online Help https://aka.ms/powershell-docs

All parameters are case-insensitive. | sh output: Design-Sync Scan passed (0 findings).
FAIL: TEST-051b (S1 PEM header, lower-cased) (ps1): expected exit 0 for the mis-cased negative fixture, got 64. Output: The argument '/Users/jrmag/Projects/active/sdd-forge-wt-phase4/plugins/sdd-bootstrap/scripts/design-sync-scan.ps1' is not recognized as the name of a script file. Check the spelling of the name, or if a path was included, verify that the path is correct and try again.

Usage: pwsh[.exe] [-Login] [[-File] <filePath> [args]]
                  [-Command { - | <script-block> [-args <arg-array>]
                                | <string> [<CommandParameters>] } ]
                  [-CommandWithArgs <string> [<CommandParameters>]
                  [-ConfigurationName <string>] [-ConfigurationFile <filePath>]
                  [-CustomPipeName <string>] [-EncodedCommand <Base64EncodedCommand>]
                  [-ExecutionPolicy <ExecutionPolicy>] [-InputFormat {Text | XML}]
                  [-Interactive] [-MTA] [-NoExit] [-NoLogo] [-NonInteractive] [-NoProfile]
                  [-NoProfileLoadTime] [-OutputFormat {Text | XML}]
                  [-SettingsFile <filePath>] [-SSHServerMode] [-STA]
                  [-Version] [-WindowStyle <style>]
                  [-WorkingDirectory <directoryPath>]

       pwsh[.exe] -h | -Help | -? | /?

PowerShell Online Help https://aka.ms/powershell-docs

All parameters are case-insensitive.
FAIL: TEST-051b (S1 PEM header, lower-cased) (cross-runtime): ps1 exit=64 sh exit=0 -- diverged. ps1 output: The argument '/Users/jrmag/Projects/active/sdd-forge-wt-phase4/plugins/sdd-bootstrap/scripts/design-sync-scan.ps1' is not recognized as the name of a script file. Check the spelling of the name, or if a path was included, verify that the path is correct and try again.

Usage: pwsh[.exe] [-Login] [[-File] <filePath> [args]]
                  [-Command { - | <script-block> [-args <arg-array>]
                                | <string> [<CommandParameters>] } ]
                  [-CommandWithArgs <string> [<CommandParameters>]
                  [-ConfigurationName <string>] [-ConfigurationFile <filePath>]
                  [-CustomPipeName <string>] [-EncodedCommand <Base64EncodedCommand>]
                  [-ExecutionPolicy <ExecutionPolicy>] [-InputFormat {Text | XML}]
                  [-Interactive] [-MTA] [-NoExit] [-NoLogo] [-NonInteractive] [-NoProfile]
                  [-NoProfileLoadTime] [-OutputFormat {Text | XML}]
                  [-SettingsFile <filePath>] [-SSHServerMode] [-STA]
                  [-Version] [-WindowStyle <style>]
                  [-WorkingDirectory <directoryPath>]

       pwsh[.exe] -h | -Help | -? | /?

PowerShell Online Help https://aka.ms/powershell-docs

All parameters are case-insensitive. | sh output: Design-Sync Scan passed (0 findings).
FAIL: TEST-051c (S2 AKIA, lower-cased) (ps1): expected exit 0 for the mis-cased negative fixture, got 64. Output: The argument '/Users/jrmag/Projects/active/sdd-forge-wt-phase4/plugins/sdd-bootstrap/scripts/design-sync-scan.ps1' is not recognized as the name of a script file. Check the spelling of the name, or if a path was included, verify that the path is correct and try again.

Usage: pwsh[.exe] [-Login] [[-File] <filePath> [args]]
                  [-Command { - | <script-block> [-args <arg-array>]
                                | <string> [<CommandParameters>] } ]
                  [-CommandWithArgs <string> [<CommandParameters>]
                  [-ConfigurationName <string>] [-ConfigurationFile <filePath>]
                  [-CustomPipeName <string>] [-EncodedCommand <Base64EncodedCommand>]
                  [-ExecutionPolicy <ExecutionPolicy>] [-InputFormat {Text | XML}]
                  [-Interactive] [-MTA] [-NoExit] [-NoLogo] [-NonInteractive] [-NoProfile]
                  [-NoProfileLoadTime] [-OutputFormat {Text | XML}]
                  [-SettingsFile <filePath>] [-SSHServerMode] [-STA]
                  [-Version] [-WindowStyle <style>]
                  [-WorkingDirectory <directoryPath>]

       pwsh[.exe] -h | -Help | -? | /?

PowerShell Online Help https://aka.ms/powershell-docs

All parameters are case-insensitive.
FAIL: TEST-051c (S2 AKIA, lower-cased) (cross-runtime): ps1 exit=64 sh exit=0 -- diverged. ps1 output: The argument '/Users/jrmag/Projects/active/sdd-forge-wt-phase4/plugins/sdd-bootstrap/scripts/design-sync-scan.ps1' is not recognized as the name of a script file. Check the spelling of the name, or if a path was included, verify that the path is correct and try again.

Usage: pwsh[.exe] [-Login] [[-File] <filePath> [args]]
                  [-Command { - | <script-block> [-args <arg-array>]
                                | <string> [<CommandParameters>] } ]
                  [-CommandWithArgs <string> [<CommandParameters>]
                  [-ConfigurationName <string>] [-ConfigurationFile <filePath>]
                  [-CustomPipeName <string>] [-EncodedCommand <Base64EncodedCommand>]
                  [-ExecutionPolicy <ExecutionPolicy>] [-InputFormat {Text | XML}]
                  [-Interactive] [-MTA] [-NoExit] [-NoLogo] [-NonInteractive] [-NoProfile]
                  [-NoProfileLoadTime] [-OutputFormat {Text | XML}]
                  [-SettingsFile <filePath>] [-SSHServerMode] [-STA]
                  [-Version] [-WindowStyle <style>]
                  [-WorkingDirectory <directoryPath>]

       pwsh[.exe] -h | -Help | -? | /?

PowerShell Online Help https://aka.ms/powershell-docs

All parameters are case-insensitive. | sh output: Design-Sync Scan passed (0 findings).
FAIL: TEST-051d (S3 ghp_, upper-cased prefix) (ps1): expected exit 0 for the mis-cased negative fixture, got 64. Output: The argument '/Users/jrmag/Projects/active/sdd-forge-wt-phase4/plugins/sdd-bootstrap/scripts/design-sync-scan.ps1' is not recognized as the name of a script file. Check the spelling of the name, or if a path was included, verify that the path is correct and try again.

Usage: pwsh[.exe] [-Login] [[-File] <filePath> [args]]
                  [-Command { - | <script-block> [-args <arg-array>]
                                | <string> [<CommandParameters>] } ]
                  [-CommandWithArgs <string> [<CommandParameters>]
                  [-ConfigurationName <string>] [-ConfigurationFile <filePath>]
                  [-CustomPipeName <string>] [-EncodedCommand <Base64EncodedCommand>]
                  [-ExecutionPolicy <ExecutionPolicy>] [-InputFormat {Text | XML}]
                  [-Interactive] [-MTA] [-NoExit] [-NoLogo] [-NonInteractive] [-NoProfile]
                  [-NoProfileLoadTime] [-OutputFormat {Text | XML}]
                  [-SettingsFile <filePath>] [-SSHServerMode] [-STA]
                  [-Version] [-WindowStyle <style>]
                  [-WorkingDirectory <directoryPath>]

       pwsh[.exe] -h | -Help | -? | /?

PowerShell Online Help https://aka.ms/powershell-docs

All parameters are case-insensitive.
FAIL: TEST-051d (S3 ghp_, upper-cased prefix) (cross-runtime): ps1 exit=64 sh exit=0 -- diverged. ps1 output: The argument '/Users/jrmag/Projects/active/sdd-forge-wt-phase4/plugins/sdd-bootstrap/scripts/design-sync-scan.ps1' is not recognized as the name of a script file. Check the spelling of the name, or if a path was included, verify that the path is correct and try again.

Usage: pwsh[.exe] [-Login] [[-File] <filePath> [args]]
                  [-Command { - | <script-block> [-args <arg-array>]
                                | <string> [<CommandParameters>] } ]
                  [-CommandWithArgs <string> [<CommandParameters>]
                  [-ConfigurationName <string>] [-ConfigurationFile <filePath>]
                  [-CustomPipeName <string>] [-EncodedCommand <Base64EncodedCommand>]
                  [-ExecutionPolicy <ExecutionPolicy>] [-InputFormat {Text | XML}]
                  [-Interactive] [-MTA] [-NoExit] [-NoLogo] [-NonInteractive] [-NoProfile]
                  [-NoProfileLoadTime] [-OutputFormat {Text | XML}]
                  [-SettingsFile <filePath>] [-SSHServerMode] [-STA]
                  [-Version] [-WindowStyle <style>]
                  [-WorkingDirectory <directoryPath>]

       pwsh[.exe] -h | -Help | -? | /?

PowerShell Online Help https://aka.ms/powershell-docs

All parameters are case-insensitive. | sh output: Design-Sync Scan passed (0 findings).
FAIL: TEST-051e (S4 github_pat_, upper-cased prefix) (ps1): expected exit 0 for the mis-cased negative fixture, got 64. Output: The argument '/Users/jrmag/Projects/active/sdd-forge-wt-phase4/plugins/sdd-bootstrap/scripts/design-sync-scan.ps1' is not recognized as the name of a script file. Check the spelling of the name, or if a path was included, verify that the path is correct and try again.

Usage: pwsh[.exe] [-Login] [[-File] <filePath> [args]]
                  [-Command { - | <script-block> [-args <arg-array>]
                                | <string> [<CommandParameters>] } ]
                  [-CommandWithArgs <string> [<CommandParameters>]
                  [-ConfigurationName <string>] [-ConfigurationFile <filePath>]
                  [-CustomPipeName <string>] [-EncodedCommand <Base64EncodedCommand>]
                  [-ExecutionPolicy <ExecutionPolicy>] [-InputFormat {Text | XML}]
                  [-Interactive] [-MTA] [-NoExit] [-NoLogo] [-NonInteractive] [-NoProfile]
                  [-NoProfileLoadTime] [-OutputFormat {Text | XML}]
                  [-SettingsFile <filePath>] [-SSHServerMode] [-STA]
                  [-Version] [-WindowStyle <style>]
                  [-WorkingDirectory <directoryPath>]

       pwsh[.exe] -h | -Help | -? | /?

PowerShell Online Help https://aka.ms/powershell-docs

All parameters are case-insensitive.
FAIL: TEST-051e (S4 github_pat_, upper-cased prefix) (cross-runtime): ps1 exit=64 sh exit=0 -- diverged. ps1 output: The argument '/Users/jrmag/Projects/active/sdd-forge-wt-phase4/plugins/sdd-bootstrap/scripts/design-sync-scan.ps1' is not recognized as the name of a script file. Check the spelling of the name, or if a path was included, verify that the path is correct and try again.

Usage: pwsh[.exe] [-Login] [[-File] <filePath> [args]]
                  [-Command { - | <script-block> [-args <arg-array>]
                                | <string> [<CommandParameters>] } ]
                  [-CommandWithArgs <string> [<CommandParameters>]
                  [-ConfigurationName <string>] [-ConfigurationFile <filePath>]
                  [-CustomPipeName <string>] [-EncodedCommand <Base64EncodedCommand>]
                  [-ExecutionPolicy <ExecutionPolicy>] [-InputFormat {Text | XML}]
                  [-Interactive] [-MTA] [-NoExit] [-NoLogo] [-NonInteractive] [-NoProfile]
                  [-NoProfileLoadTime] [-OutputFormat {Text | XML}]
                  [-SettingsFile <filePath>] [-SSHServerMode] [-STA]
                  [-Version] [-WindowStyle <style>]
                  [-WorkingDirectory <directoryPath>]

       pwsh[.exe] -h | -Help | -? | /?

PowerShell Online Help https://aka.ms/powershell-docs

All parameters are case-insensitive. | sh output: Design-Sync Scan passed (0 findings).
FAIL: TEST-051f (S5 bare sk-, upper-cased prefix) (ps1): expected exit 0 for the mis-cased negative fixture, got 64. Output: The argument '/Users/jrmag/Projects/active/sdd-forge-wt-phase4/plugins/sdd-bootstrap/scripts/design-sync-scan.ps1' is not recognized as the name of a script file. Check the spelling of the name, or if a path was included, verify that the path is correct and try again.

Usage: pwsh[.exe] [-Login] [[-File] <filePath> [args]]
                  [-Command { - | <script-block> [-args <arg-array>]
                                | <string> [<CommandParameters>] } ]
                  [-CommandWithArgs <string> [<CommandParameters>]
                  [-ConfigurationName <string>] [-ConfigurationFile <filePath>]
                  [-CustomPipeName <string>] [-EncodedCommand <Base64EncodedCommand>]
                  [-ExecutionPolicy <ExecutionPolicy>] [-InputFormat {Text | XML}]
                  [-Interactive] [-MTA] [-NoExit] [-NoLogo] [-NonInteractive] [-NoProfile]
                  [-NoProfileLoadTime] [-OutputFormat {Text | XML}]
                  [-SettingsFile <filePath>] [-SSHServerMode] [-STA]
                  [-Version] [-WindowStyle <style>]
                  [-WorkingDirectory <directoryPath>]

       pwsh[.exe] -h | -Help | -? | /?

PowerShell Online Help https://aka.ms/powershell-docs

All parameters are case-insensitive.
FAIL: TEST-051f (S5 bare sk-, upper-cased prefix) (cross-runtime): ps1 exit=64 sh exit=0 -- diverged. ps1 output: The argument '/Users/jrmag/Projects/active/sdd-forge-wt-phase4/plugins/sdd-bootstrap/scripts/design-sync-scan.ps1' is not recognized as the name of a script file. Check the spelling of the name, or if a path was included, verify that the path is correct and try again.

Usage: pwsh[.exe] [-Login] [[-File] <filePath> [args]]
                  [-Command { - | <script-block> [-args <arg-array>]
                                | <string> [<CommandParameters>] } ]
                  [-CommandWithArgs <string> [<CommandParameters>]
                  [-ConfigurationName <string>] [-ConfigurationFile <filePath>]
                  [-CustomPipeName <string>] [-EncodedCommand <Base64EncodedCommand>]
                  [-ExecutionPolicy <ExecutionPolicy>] [-InputFormat {Text | XML}]
                  [-Interactive] [-MTA] [-NoExit] [-NoLogo] [-NonInteractive] [-NoProfile]
                  [-NoProfileLoadTime] [-OutputFormat {Text | XML}]
                  [-SettingsFile <filePath>] [-SSHServerMode] [-STA]
                  [-Version] [-WindowStyle <style>]
                  [-WorkingDirectory <directoryPath>]

       pwsh[.exe] -h | -Help | -? | /?

PowerShell Online Help https://aka.ms/powershell-docs

All parameters are case-insensitive. | sh output: Design-Sync Scan passed (0 findings).
FAIL: TEST-051g (S5 sk-proj- sub-format, upper-cased prefix) (ps1): expected exit 0 for the mis-cased negative fixture, got 64. Output: The argument '/Users/jrmag/Projects/active/sdd-forge-wt-phase4/plugins/sdd-bootstrap/scripts/design-sync-scan.ps1' is not recognized as the name of a script file. Check the spelling of the name, or if a path was included, verify that the path is correct and try again.

Usage: pwsh[.exe] [-Login] [[-File] <filePath> [args]]
                  [-Command { - | <script-block> [-args <arg-array>]
                                | <string> [<CommandParameters>] } ]
                  [-CommandWithArgs <string> [<CommandParameters>]
                  [-ConfigurationName <string>] [-ConfigurationFile <filePath>]
                  [-CustomPipeName <string>] [-EncodedCommand <Base64EncodedCommand>]
                  [-ExecutionPolicy <ExecutionPolicy>] [-InputFormat {Text | XML}]
                  [-Interactive] [-MTA] [-NoExit] [-NoLogo] [-NonInteractive] [-NoProfile]
                  [-NoProfileLoadTime] [-OutputFormat {Text | XML}]
                  [-SettingsFile <filePath>] [-SSHServerMode] [-STA]
                  [-Version] [-WindowStyle <style>]
                  [-WorkingDirectory <directoryPath>]

       pwsh[.exe] -h | -Help | -? | /?

PowerShell Online Help https://aka.ms/powershell-docs

All parameters are case-insensitive.
FAIL: TEST-051g (S5 sk-proj- sub-format, upper-cased prefix) (cross-runtime): ps1 exit=64 sh exit=0 -- diverged. ps1 output: The argument '/Users/jrmag/Projects/active/sdd-forge-wt-phase4/plugins/sdd-bootstrap/scripts/design-sync-scan.ps1' is not recognized as the name of a script file. Check the spelling of the name, or if a path was included, verify that the path is correct and try again.

Usage: pwsh[.exe] [-Login] [[-File] <filePath> [args]]
                  [-Command { - | <script-block> [-args <arg-array>]
                                | <string> [<CommandParameters>] } ]
                  [-CommandWithArgs <string> [<CommandParameters>]
                  [-ConfigurationName <string>] [-ConfigurationFile <filePath>]
                  [-CustomPipeName <string>] [-EncodedCommand <Base64EncodedCommand>]
                  [-ExecutionPolicy <ExecutionPolicy>] [-InputFormat {Text | XML}]
                  [-Interactive] [-MTA] [-NoExit] [-NoLogo] [-NonInteractive] [-NoProfile]
                  [-NoProfileLoadTime] [-OutputFormat {Text | XML}]
                  [-SettingsFile <filePath>] [-SSHServerMode] [-STA]
                  [-Version] [-WindowStyle <style>]
                  [-WorkingDirectory <directoryPath>]

       pwsh[.exe] -h | -Help | -? | /?

PowerShell Online Help https://aka.ms/powershell-docs

All parameters are case-insensitive. | sh output: Design-Sync Scan passed (0 findings).
FAIL: TEST-051h (S6 xoxb-, upper-cased prefix) (ps1): expected exit 0 for the mis-cased negative fixture, got 64. Output: The argument '/Users/jrmag/Projects/active/sdd-forge-wt-phase4/plugins/sdd-bootstrap/scripts/design-sync-scan.ps1' is not recognized as the name of a script file. Check the spelling of the name, or if a path was included, verify that the path is correct and try again.

Usage: pwsh[.exe] [-Login] [[-File] <filePath> [args]]
                  [-Command { - | <script-block> [-args <arg-array>]
                                | <string> [<CommandParameters>] } ]
                  [-CommandWithArgs <string> [<CommandParameters>]
                  [-ConfigurationName <string>] [-ConfigurationFile <filePath>]
                  [-CustomPipeName <string>] [-EncodedCommand <Base64EncodedCommand>]
                  [-ExecutionPolicy <ExecutionPolicy>] [-InputFormat {Text | XML}]
                  [-Interactive] [-MTA] [-NoExit] [-NoLogo] [-NonInteractive] [-NoProfile]
                  [-NoProfileLoadTime] [-OutputFormat {Text | XML}]
                  [-SettingsFile <filePath>] [-SSHServerMode] [-STA]
                  [-Version] [-WindowStyle <style>]
                  [-WorkingDirectory <directoryPath>]

       pwsh[.exe] -h | -Help | -? | /?

PowerShell Online Help https://aka.ms/powershell-docs

All parameters are case-insensitive.
FAIL: TEST-051h (S6 xoxb-, upper-cased prefix) (cross-runtime): ps1 exit=64 sh exit=0 -- diverged. ps1 output: The argument '/Users/jrmag/Projects/active/sdd-forge-wt-phase4/plugins/sdd-bootstrap/scripts/design-sync-scan.ps1' is not recognized as the name of a script file. Check the spelling of the name, or if a path was included, verify that the path is correct and try again.

Usage: pwsh[.exe] [-Login] [[-File] <filePath> [args]]
                  [-Command { - | <script-block> [-args <arg-array>]
                                | <string> [<CommandParameters>] } ]
                  [-CommandWithArgs <string> [<CommandParameters>]
                  [-ConfigurationName <string>] [-ConfigurationFile <filePath>]
                  [-CustomPipeName <string>] [-EncodedCommand <Base64EncodedCommand>]
                  [-ExecutionPolicy <ExecutionPolicy>] [-InputFormat {Text | XML}]
                  [-Interactive] [-MTA] [-NoExit] [-NoLogo] [-NonInteractive] [-NoProfile]
                  [-NoProfileLoadTime] [-OutputFormat {Text | XML}]
                  [-SettingsFile <filePath>] [-SSHServerMode] [-STA]
                  [-Version] [-WindowStyle <style>]
                  [-WorkingDirectory <directoryPath>]

       pwsh[.exe] -h | -Help | -? | /?

PowerShell Online Help https://aka.ms/powershell-docs

All parameters are case-insensitive. | sh output: Design-Sync Scan passed (0 findings).

=== TEST-084 (AC-038): the POSIX ERE (.sh) and .NET (.ps1) forms of S7 and P2 classify TEST-021/080-082's fixture set identically ===
FAIL: TEST-084a (S7 positive, TEST-021 fixture): expected both exit 1 -- ps1=64 sh=1. ps1: The argument '/Users/jrmag/Projects/active/sdd-forge-wt-phase4/plugins/sdd-bootstrap/scripts/design-sync-scan.ps1' is not recognized as the name of a script file. Check the spelling of the name, or if a path was included, verify that the path is correct and try again.

Usage: pwsh[.exe] [-Login] [[-File] <filePath> [args]]
                  [-Command { - | <script-block> [-args <arg-array>]
                                | <string> [<CommandParameters>] } ]
                  [-CommandWithArgs <string> [<CommandParameters>]
                  [-ConfigurationName <string>] [-ConfigurationFile <filePath>]
                  [-CustomPipeName <string>] [-EncodedCommand <Base64EncodedCommand>]
                  [-ExecutionPolicy <ExecutionPolicy>] [-InputFormat {Text | XML}]
                  [-Interactive] [-MTA] [-NoExit] [-NoLogo] [-NonInteractive] [-NoProfile]
                  [-NoProfileLoadTime] [-OutputFormat {Text | XML}]
                  [-SettingsFile <filePath>] [-SSHServerMode] [-STA]
                  [-Version] [-WindowStyle <style>]
                  [-WorkingDirectory <directoryPath>]

       pwsh[.exe] -h | -Help | -? | /?

PowerShell Online Help https://aka.ms/powershell-docs

All parameters are case-insensitive. | sh: Design-Sync Scan FAILED (1 finding(s)):
 - secret      /var/folders/7z/hjmz6jdj4wb40srf64sl368w0000gn/T/design-sync-scan-ps1-tests-5c12760da9594fc38f1e0d6b1faa878b/t021/pos.html:2: [REDACTED]
Findings must be reviewed. Continuing past a FAILED scan requires an
explicit human override, recorded in Design-Source as
Egress-Scan: overridden.
FAIL: TEST-084b (S7 negative, TEST-021 fixture): expected both exit 0 -- ps1=64 sh=0. ps1: The argument '/Users/jrmag/Projects/active/sdd-forge-wt-phase4/plugins/sdd-bootstrap/scripts/design-sync-scan.ps1' is not recognized as the name of a script file. Check the spelling of the name, or if a path was included, verify that the path is correct and try again.

Usage: pwsh[.exe] [-Login] [[-File] <filePath> [args]]
                  [-Command { - | <script-block> [-args <arg-array>]
                                | <string> [<CommandParameters>] } ]
                  [-CommandWithArgs <string> [<CommandParameters>]
                  [-ConfigurationName <string>] [-ConfigurationFile <filePath>]
                  [-CustomPipeName <string>] [-EncodedCommand <Base64EncodedCommand>]
                  [-ExecutionPolicy <ExecutionPolicy>] [-InputFormat {Text | XML}]
                  [-Interactive] [-MTA] [-NoExit] [-NoLogo] [-NonInteractive] [-NoProfile]
                  [-NoProfileLoadTime] [-OutputFormat {Text | XML}]
                  [-SettingsFile <filePath>] [-SSHServerMode] [-STA]
                  [-Version] [-WindowStyle <style>]
                  [-WorkingDirectory <directoryPath>]

       pwsh[.exe] -h | -Help | -? | /?

PowerShell Online Help https://aka.ms/powershell-docs

All parameters are case-insensitive. | sh: Design-Sync Scan passed (0 findings).
FAIL: TEST-084c (P2 7-digit short, TEST-080 fixture): expected both exit 0 -- ps1=64 sh=0. ps1: The argument '/Users/jrmag/Projects/active/sdd-forge-wt-phase4/plugins/sdd-bootstrap/scripts/design-sync-scan.ps1' is not recognized as the name of a script file. Check the spelling of the name, or if a path was included, verify that the path is correct and try again.

Usage: pwsh[.exe] [-Login] [[-File] <filePath> [args]]
                  [-Command { - | <script-block> [-args <arg-array>]
                                | <string> [<CommandParameters>] } ]
                  [-CommandWithArgs <string> [<CommandParameters>]
                  [-ConfigurationName <string>] [-ConfigurationFile <filePath>]
                  [-CustomPipeName <string>] [-EncodedCommand <Base64EncodedCommand>]
                  [-ExecutionPolicy <ExecutionPolicy>] [-InputFormat {Text | XML}]
                  [-Interactive] [-MTA] [-NoExit] [-NoLogo] [-NonInteractive] [-NoProfile]
                  [-NoProfileLoadTime] [-OutputFormat {Text | XML}]
                  [-SettingsFile <filePath>] [-SSHServerMode] [-STA]
                  [-Version] [-WindowStyle <style>]
                  [-WorkingDirectory <directoryPath>]

       pwsh[.exe] -h | -Help | -? | /?

PowerShell Online Help https://aka.ms/powershell-docs

All parameters are case-insensitive. | sh: Design-Sync Scan passed (0 findings).
FAIL: TEST-084d (P2 16-digit long, TEST-081 fixture): expected both exit 0 -- ps1=64 sh=0. ps1: The argument '/Users/jrmag/Projects/active/sdd-forge-wt-phase4/plugins/sdd-bootstrap/scripts/design-sync-scan.ps1' is not recognized as the name of a script file. Check the spelling of the name, or if a path was included, verify that the path is correct and try again.

Usage: pwsh[.exe] [-Login] [[-File] <filePath> [args]]
                  [-Command { - | <script-block> [-args <arg-array>]
                                | <string> [<CommandParameters>] } ]
                  [-CommandWithArgs <string> [<CommandParameters>]
                  [-ConfigurationName <string>] [-ConfigurationFile <filePath>]
                  [-CustomPipeName <string>] [-EncodedCommand <Base64EncodedCommand>]
                  [-ExecutionPolicy <ExecutionPolicy>] [-InputFormat {Text | XML}]
                  [-Interactive] [-MTA] [-NoExit] [-NoLogo] [-NonInteractive] [-NoProfile]
                  [-NoProfileLoadTime] [-OutputFormat {Text | XML}]
                  [-SettingsFile <filePath>] [-SSHServerMode] [-STA]
                  [-Version] [-WindowStyle <style>]
                  [-WorkingDirectory <directoryPath>]

       pwsh[.exe] -h | -Help | -? | /?

PowerShell Online Help https://aka.ms/powershell-docs

All parameters are case-insensitive. | sh: Design-Sync Scan passed (0 findings).
FAIL: TEST-084e (P2 leading-adjacent digit, TEST-082 fixture): expected both exit 0 -- ps1=64 sh=0. ps1: The argument '/Users/jrmag/Projects/active/sdd-forge-wt-phase4/plugins/sdd-bootstrap/scripts/design-sync-scan.ps1' is not recognized as the name of a script file. Check the spelling of the name, or if a path was included, verify that the path is correct and try again.

Usage: pwsh[.exe] [-Login] [[-File] <filePath> [args]]
                  [-Command { - | <script-block> [-args <arg-array>]
                                | <string> [<CommandParameters>] } ]
                  [-CommandWithArgs <string> [<CommandParameters>]
                  [-ConfigurationName <string>] [-ConfigurationFile <filePath>]
                  [-CustomPipeName <string>] [-EncodedCommand <Base64EncodedCommand>]
                  [-ExecutionPolicy <ExecutionPolicy>] [-InputFormat {Text | XML}]
                  [-Interactive] [-MTA] [-NoExit] [-NoLogo] [-NonInteractive] [-NoProfile]
                  [-NoProfileLoadTime] [-OutputFormat {Text | XML}]
                  [-SettingsFile <filePath>] [-SSHServerMode] [-STA]
                  [-Version] [-WindowStyle <style>]
                  [-WorkingDirectory <directoryPath>]

       pwsh[.exe] -h | -Help | -? | /?

PowerShell Online Help https://aka.ms/powershell-docs

All parameters are case-insensitive. | sh: Design-Sync Scan passed (0 findings).
FAIL: TEST-084f (P2 leading-adjacent control, TEST-082-control fixture): expected both exit 1 -- ps1=64 sh=1. ps1: The argument '/Users/jrmag/Projects/active/sdd-forge-wt-phase4/plugins/sdd-bootstrap/scripts/design-sync-scan.ps1' is not recognized as the name of a script file. Check the spelling of the name, or if a path was included, verify that the path is correct and try again.

Usage: pwsh[.exe] [-Login] [[-File] <filePath> [args]]
                  [-Command { - | <script-block> [-args <arg-array>]
                                | <string> [<CommandParameters>] } ]
                  [-CommandWithArgs <string> [<CommandParameters>]
                  [-ConfigurationName <string>] [-ConfigurationFile <filePath>]
                  [-CustomPipeName <string>] [-EncodedCommand <Base64EncodedCommand>]
                  [-ExecutionPolicy <ExecutionPolicy>] [-InputFormat {Text | XML}]
                  [-Interactive] [-MTA] [-NoExit] [-NoLogo] [-NonInteractive] [-NoProfile]
                  [-NoProfileLoadTime] [-OutputFormat {Text | XML}]
                  [-SettingsFile <filePath>] [-SSHServerMode] [-STA]
                  [-Version] [-WindowStyle <style>]
                  [-WorkingDirectory <directoryPath>]

       pwsh[.exe] -h | -Help | -? | /?

PowerShell Online Help https://aka.ms/powershell-docs

All parameters are case-insensitive. | sh: Design-Sync Scan FAILED (1 finding(s)):
 - PII         /var/folders/7z/hjmz6jdj4wb40srf64sl368w0000gn/T/design-sync-scan-ps1-tests-5c12760da9594fc38f1e0d6b1faa878b/t082-ctrl/control.html:2: [REDACTED]
Findings must be reviewed. Continuing past a FAILED scan requires an
explicit human override, recorded in Design-Source as
Egress-Scan: overridden.

=== TEST-086 (cross-runtime half of AC-039b): an upper-cased .HTML file containing a finding blocks identically on both runtimes ===
FAIL: TEST-086 (cross-runtime): expected both exit 1 -- ps1=64 sh=1.

Results: 18 passed, 92 failed
