PASS: TEST-005 anchor rejected
PASS: TEST-005 alias rejected
PASS: TEST-005 custom tag rejected
PASS: TEST-005 duplicate key rejected
PASS: TEST-006 1.1-only tokens (yes/no/on/off, any casing) stay strings; true/TRUE/FALSE resolve as booleans
PASS: TEST-007 precomposed vs. decomposed NFC fixture pair produce byte-identical canonical output
PASS: TEST-007 precomposed vs. decomposed NFC fixture pair produce an identical SHA-256
PASS: TEST-008 JCS golden byte sequence (key sort, hex int, trailing-zero float, bool/null)
PASS: TEST-009 .py and .ps1 produce an identical SHA-256
PASS: TEST-009 .sh produces the identical SHA-256 as .py
PASS: TEST-009 .js produces the identical SHA-256 as .py
PASS: TEST-009 .ps1 dispatch-not-reimplement proof (.ps1 alone, without .py, fails -- no native PowerShell fallback exists)
PASS: TEST-009 .ps1 denies fail-closed with CANONICALIZER_RUNTIME_UNAVAILABLE (exit 3) when no python3/python is on PATH
PASS: TEST-037 multi-document rejection
PASS: TEST-037 non-string-key rejection
PASS: TEST-037 post-NFC duplicate-key collision rejection
PASS: TEST-037 non-finite number rejection (.inf)
PASS: TEST-037 non-finite number rejection (.nan)
PASS: TEST-037 RFC 8785 §3.2.2.3 numeric-formatting boundary vector (1e20/1e21, 1e-6/1e-7)
PASS: TEST-037 byte-exact stdout framing: default mode has no trailing newline byte
PASS: TEST-037 byte-exact stdout framing: default mode byte count matches exactly (51 bytes)
PASS: TEST-037 byte-exact stdout framing: --hash-only emits exactly 'sha256:' + 64 hex chars
PASS: TEST-037 byte-exact stdout framing: --hash-only output ends with exactly one trailing newline
FAIL: TEST-037(remedy) CATEGORY_EXIT_CODES read from canonicalize-sdd-yaml.py itself matches the documented table: got: ALIAS_REJECTED=21
ANCHOR_REJECTED=20
CANONICALIZER_RUNTIME_UNAVAILABLE=3
CUSTOM_TAG_REJECTED=22
DUPLICATE_KEY_REJECTED=23
INVALID_JSON_REJECTED=11
INVALID_UTF8_REJECTED=10
MULTI_DOCUMENT_REJECTED=25
NON_STRING_KEY_REJECTED=24
NUMBER_OUT_OF_RANGE_REJECTED=28
POST_NFC_DUPLICATE_KEY_REJECTED=27
UNSUPPORTED_SYNTAX_REJECTED=26
PASS: TEST-REMEDY lone surrogate in a double-quoted scalar VALUE (YAML mode) is INVALID_UTF8_REJECTED, not an uncaught exception
PASS: TEST-REMEDY lone surrogate in a double-quoted scalar VALUE (YAML mode, --hash-only) is INVALID_UTF8_REJECTED
PASS: TEST-REMEDY lone surrogate in a quoted mapping KEY (YAML mode) is INVALID_UTF8_REJECTED
PASS: TEST-REMEDY lone surrogate in a string VALUE (JSON input mode) is INVALID_UTF8_REJECTED
PASS: TEST-REMEDY lone surrogate in an object KEY (JSON input mode) is INVALID_UTF8_REJECTED
PASS: TEST-REMEDY a correctly-paired surrogate escape (astral character) still succeeds
PASS: TEST-REMEDY plain scalar value 'b: c' (embedded ': ') is rejected, not best-effort-interpreted
PASS: TEST-REMEDY embedded ': ' rejection carries the quote-the-scalar hint
PASS: TEST-REMEDY plain scalar value 'value:' (trailing ':') is rejected
PASS: TEST-REMEDY embedded ': ' is rejected inside an inline '- key: value' mapping too
PASS: TEST-REMEDY a URL value (':' not followed by a space) still succeeds
PASS: TEST-REMEDY a QUOTED value containing ': ' still succeeds
PASS: TEST-REMEDY(26) block scalar indicator is UNSUPPORTED_SYNTAX_REJECTED
PASS: TEST-REMEDY(26) non-empty flow sequence is UNSUPPORTED_SYNTAX_REJECTED
PASS: TEST-REMEDY(26) tab indentation is UNSUPPORTED_SYNTAX_REJECTED
PASS: TEST-REMEDY(26) a leading '---' marker on a single document is UNSUPPORTED_SYNTAX_REJECTED
PASS: TEST-REMEDY(10) genuinely invalid UTF-8 input BYTES (not an escape) is INVALID_UTF8_REJECTED
PASS: TEST-REMEDY(11) malformed JSON input is INVALID_JSON_REJECTED
PASS: TEST-REMEDY JSON input mode round-trips and re-sorts keys (extension auto-detection)
PASS: TEST-REMEDY JSON input mode round-trips via explicit --input-format json (no .json extension)
PASS: TEST-REMEDY JSON input mode rejects a duplicate object key
PASS: TEST-REMEDY JSON input mode rejects the non-standard NaN constant
PASS: TEST-REMEDY JSON input mode rejects the non-standard Infinity constant
PASS: TEST-REMEDY2 sequence item '-  a' (2 spaces) is rejected, not silently parsed as ' a'
PASS: TEST-REMEDY2 sequence item '-   a' (3 spaces) is rejected
PASS: TEST-REMEDY2 sequence inline mapping '-  k: v' (2 spaces) is rejected, not key-corrupted
PASS: TEST-REMEDY2 the multi-line coupled fixture now gets the construct-specific separator diagnostic, not the misleading generic one
PASS: TEST-REMEDY2 sequence item '-<TAB>a' is rejected, not reinterpreted as a bare scalar document
PASS: TEST-REMEDY2 the tab-separator rejection names 'tab' specifically
PASS: TEST-REMEDY2 inline nested-sequence lookalike '- - a' is rejected, not swallowed as '- a'
PASS: TEST-REMEDY2 correct single-space '- k: v' still succeeds
PASS: TEST-REMEDY2 multi-line nested sequence (bare '-' + indented block) still succeeds
PASS: TEST-REMEDY2(c) a '%' directive gets a construct-specific diagnostic
PASS: TEST-REMEDY2(c) the '%' rejection names 'directive' specifically
PASS: TEST-REMEDY2(c) a '?' explicit key gets a construct-specific diagnostic
PASS: TEST-REMEDY2(c) the '?' rejection names 'explicit-key' specifically
FAIL: TEST-REMEDY3 nested merge key with a mapping value is rejected, not key-polluted: exit code: got 0, want 26
FAIL: TEST-REMEDY3 the merge-key rejection names 'merge key' specifically: 
FAIL: TEST-REMEDY3 top-level merge key with an empty-flow-map value is rejected: exit code: got 0, want 26
FAIL: TEST-REMEDY3 merge key with a sequence value is rejected: exit code: got 0, want 26
FAIL: TEST-REMEDY3 merge key with a null (colon-nothing) value is rejected: exit code: got 0, want 26
FAIL: TEST-REMEDY3 '<<: *base' now reports the merge-key rejection (not ALIAS_REJECTED): exit code: got 21, want 26
PASS: TEST-REMEDY3 a quoted '<<' key still succeeds as a literal string key
PASS: TEST-REMEDY3 a value merely starting with '<' (not merge-key syntax) still succeeds
PASS: TEST-REMEDY3 a key merely starting with '<' (not the exact key '<<') still succeeds
FAIL: TEST-REMEDY3 a depth-2000 in-subset document succeeds: exit=1 stderr=Traceback (most recent call last):
  File "/Users/jrmag/Projects/active/sdd-forge-wt-epic-189/plugins/sdd-quality-loop/scripts/canonicalize-sdd-yaml.py", line 954, in <module>
    sys.exit(main())
             ~~~~^^
  File "/Users/jrmag/Projects/active/sdd-forge-wt-epic-189/plugins/sdd-quality-loop/scripts/canonicalize-sdd-yaml.py", line 936, in main
    value = parse_json_bytes(data) if input_format == "json" else parse_yaml_bytes(data)
                                                                  ~~~~~~~~~~~~~~~~^^^^^^
  File "/Users/jrmag/Projects/active/sdd-forge-wt-epic-189/plugins/sdd-quality-loop/scripts/canonicalize-sdd-yaml.py", line 718, in parse_yaml_bytes
    return parse_document(tokenize(text))
  File "/Users/jrmag/Projects/active/sdd-forge-wt-epic-189/plugins/sdd-quality-loop/scripts/canonicalize-sdd-yaml.py", line 698, in parse_document
    value, i = parse_mapping(lines, 0, 0)
               ~~~~~~~~~~~~~^^^^^^^^^^^^^
  File "/Users/jrmag/Projects/active/sdd-forge-wt-epic-189/plugins/sdd-quality-loop/scripts/canonicalize-sdd-yaml.py", line 671, in parse_mapping
    i = _parse_mapping_entries(lines, i, indent, mapping)
  File "/Users/jrmag/Projects/active/sdd-forge-wt-epic-189/plugins/sdd-quality-loop/scripts/canonicalize-sdd-yaml.py", line 664, in _parse_mapping_entries
    value, i = _resolve_entry_value(lines, i, indent, val_str, line_no)
               ~~~~~~~~~~~~~~~~~~~~^^^^^^^^^^^^^^^^^^^^^^^^^^^^^^^^^^^^
  File "/Users/jrmag/Projects/active/sdd-forge-wt-epic-189/plugins/sdd-quality-loop/scripts/canonicalize-sdd-yaml.py", line 582, in _resolve_entry_value
    return parse_block(lines, i, lines[i].indent)
  File "/Users/jrmag/Projects/active/sdd-forge-wt-epic-189/plugins/sdd-quality-loop/scripts/canonicalize-sdd-yaml.py", line 590, in parse_block
    return parse_mapping(lines, i, indent)
  File "/Users/jrmag/Projects/active/sdd-forge-wt-epic-189/plugins/sdd-quality-loop/scripts/canonicalize-sdd-yaml.py", line 671, in parse_mapping
    i = _parse_mapping_entries(lines, i, indent, mapping)
  File "/Users/jrmag/Projects/active/sdd-forge-wt-epic-189/plugins/sdd-quality-loop/scripts/canonicalize-sdd-yaml.py", line 664, in _parse_mapping_entries
    value, i = _resolve_entry_value(lines, i, indent, val_str, line_no)
               ~~~~~~~~~~~~~~~~~~~~^^^^^^^^^^^^^^^^^^^^^^^^^^^^^^^^^^^^
  File "/Users/jrmag/Projects/active/sdd-forge-wt-epic-189/plugins/sdd-quality-loop/scripts/canonicalize-sdd-yaml.py", line 582, in _resolve_entry_value
    return parse_block(lines, i, lines[i].indent)
  File "/Users/jrmag/Projects/active/sdd-forge-wt-epic-189/plugins/sdd-quality-loop/scripts/canonicalize-sdd-yaml.py", line 590, in parse_block
    return parse_mapping(lines, i, indent)
  File "/Users/jrmag/Projects/active/sdd-forge-wt-epic-189/plugins/sdd-quality-loop/scripts/canonicalize-sdd-yaml.py", line 671, in parse_mapping
    i = _parse_mapping_entries(lines, i, indent, mapping)
  File "/Users/jrmag/Projects/active/sdd-forge-wt-epic-189/plugins/sdd-quality-loop/scripts/canonicalize-sdd-yaml.py", line 664, in _parse_mapping_entries
    value, i = _resolve_entry_value(lines, i, indent, val_str, line_no)
               ~~~~~~~~~~~~~~~~~~~~^^^^^^^^^^^^^^^^^^^^^^^^^^^^^^^^^^^^
  File "/Users/jrmag/Projects/active/sdd-forge-wt-epic-189/plugins/sdd-quality-loop/scripts/canonicalize-sdd-yaml.py", line 582, in _resolve_entry_value
    return parse_block(lines, i, lines[i].indent)
  File "/Users/jrmag/Projects/active/sdd-forge-wt-epic-189/plugins/sdd-quality-loop/scripts/canonicalize-sdd-yaml.py", line 590, in parse_block
    return parse_mapping(lines, i, indent)
  File "/Users/jrmag/Projects/active/sdd-forge-wt-epic-189/plugins/sdd-quality-loop/scripts/canonicalize-sdd-yaml.py", line 671, in parse_mapping
    i = _parse_mapping_entries(lines, i, indent, mapping)
  File "/Users/jrmag/Projects/active/sdd-forge-wt-epic-189/plugins/sdd-quality-loop/scripts/canonicalize-sdd-yaml.py", line 664, in _parse_mapping_entries
    value, i = _resolve_entry_value(lines, i, indent, val_str, line_no)
               ~~~~~~~~~~~~~~~~~~~~^^^^^^^^^^^^^^^^^^^^^^^^^^^^^^^^^^^^
  File "/Users/jrmag/Projects/active/sdd-forge-wt-epic-189/plugins/sdd-quality-loop/scripts/canonicalize-sdd-yaml.py", line 582, in _resolve_entry_value
    return parse_block(lines, i, lines[i].indent)
  File "/Users/jrmag/Projects/active/sdd-forge-wt-epic-189/plugins/sdd-quality-loop/scripts/canonicalize-sdd-yaml.py", line 590, in parse_block
    return parse_mapping(lines, i, indent)
  File "/Users/jrmag/Projects/active/sdd-forge-wt-epic-189/plugins/sdd-quality-loop/scripts/canonicalize-sdd-yaml.py", line 671, in parse_mapping
    i = _parse_mapping_entries(lines, i, indent, mapping)
  File "/Users/jrmag/Projects/active/sdd-forge-wt-epic-189/plugins/sdd-quality-loop/scripts/canonicalize-sdd-yaml.py", line 664, in _parse_mapping_entries
    value, i = _resolve_entry_value(lines, i, indent, val_str, line_no)
               ~~~~~~~~~~~~~~~~~~~~^^^^^^^^^^^^^^^^^^^^^^^^^^^^^^^^^^^^
  File "/Users/jrmag/Projects/active/sdd-forge-wt-epic-189/plugins/sdd-quality-loop/scripts/canonicalize-sdd-yaml.py", line 582, in _resolve_entry_value
    return parse_block(lines, i, lines[i].indent)
  File "/Users/jrmag/Projects/active/sdd-forge-wt-epic-189/plugins/sdd-quality-loop/scripts/canonicalize-sdd-yaml.py", line 590, in parse_block
    return parse_mapping(lines, i, indent)
  File "/Users/jrmag/Projects/active/sdd-forge-wt-epic-189/plugins/sdd-quality-loop/scripts/canonicalize-sdd-yaml.py", line 671, in parse_mapping
    i = _parse_mapping_entries(lines, i, indent, mapping)
  File "/Users/jrmag/Projects/active/sdd-forge-wt-epic-189/plugins/sdd-quality-loop/scripts/canonicalize-sdd-yaml.py", line 664, in _parse_mapping_entries
    value, i = _resolve_entry_value(lines, i, indent, val_str, line_no)
               ~~~~~~~~~~~~~~~~~~~~^^^^^^^^^^^^^^^^^^^^^^^^^^^^^^^^^^^^
  File "/Users/jrmag/Projects/active/sdd-forge-wt-epic-189/plugins/sdd-quality-loop/scripts/canonicalize-sdd-yaml.py", line 582, in _resolve_entry_value
    return parse_block(lines, i, lines[i].indent)
  File "/Users/jrmag/Projects/active/sdd-forge-wt-epic-189/plugins/sdd-quality-loop/scripts/canonicalize-sdd-yaml.py", line 590, in parse_block
    return parse_mapping(lines, i, indent)
  File "/Users/jrmag/Projects/active/sdd-forge-wt-epic-189/plugins/sdd-quality-loop/scripts/canonicalize-sdd-yaml.py", line 671, in parse_mapping
    i = _parse_mapping_entries(lines, i, indent, mapping)
  File "/Users/jrmag/Projects/active/sdd-forge-wt-epic-189/plugins/sdd-quality-loop/scripts/canonicalize-sdd-yaml.py", line 664, in _parse_mapping_entries
    value, i = _resolve_entry_value(lines, i, indent, val_str, line_no)
               ~~~~~~~~~~~~~~~~~~~~^^^^^^^^^^^^^^^^^^^^^^^^^^^^^^^^^^^^
  File "/Users/jrmag/Projects/active/sdd-forge-wt-epic-189/plugins/sdd-quality-loop/scripts/canonicalize-sdd-yaml.py", line 582, in _resolve_entry_value
    return parse_block(lines, i, lines[i].indent)
  File "/Users/jrmag/Projects/active/sdd-forge-wt-epic-189/plugins/sdd-quality-loop/scripts/canonicalize-sdd-yaml.py", line 590, in parse_block
    return parse_mapping(lines, i, indent)
  File "/Users/jrmag/Projects/active/sdd-forge-wt-epic-189/plugins/sdd-quality-loop/scripts/canonicalize-sdd-yaml.py", line 671, in parse_mapping
    i = _parse_mapping_entries(lines, i, indent, mapping)
  File "/Users/jrmag/Projects/active/sdd-forge-wt-epic-189/plugins/sdd-quality-loop/scripts/canonicalize-sdd-yaml.py", line 664, in _parse_mapping_entries
    value, i = _resolve_entry_value(lines, i, indent, val_str, line_no)
               ~~~~~~~~~~~~~~~~~~~~^^^^^^^^^^^^^^^^^^^^^^^^^^^^^^^^^^^^
  File "/Users/jrmag/Projects/active/sdd-forge-wt-epic-189/plugins/sdd-quality-loop/scripts/canonicalize-sdd-yaml.py", line 582, in _resolve_entry_value
    return parse_block(lines, i, lines[i].indent)
  File "/Users/jrmag/Projects/active/sdd-forge-wt-epic-189/plugins/sdd-quality-loop/scripts/canonicalize-sdd-yaml.py", line 590, in parse_block
    return parse_mapping(lines, i, indent)
  File "/Users/jrmag/Projects/active/sdd-forge-wt-epic-189/plugins/sdd-quality-loop/scripts/canonicalize-sdd-yaml.py", line 671, in parse_mapping
    i = _parse_mapping_entries(lines, i, indent, mapping)
  File "/Users/jrmag/Projects/active/sdd-forge-wt-epic-189/plugins/sdd-quality-loop/scripts/canonicalize-sdd-yaml.py", line 664, in _parse_mapping_entries
    value, i = _resolve_entry_value(lines, i, indent, val_str, line_no)
               ~~~~~~~~~~~~~~~~~~~~^^^^^^^^^^^^^^^^^^^^^^^^^^^^^^^^^^^^
  File "/Users/jrmag/Projects/active/sdd-forge-wt-epic-189/plugins/sdd-quality-loop/scripts/canonicalize-sdd-yaml.py", line 582, in _resolve_entry_value
    return parse_block(lines, i, lines[i].indent)
  File "/Users/jrmag/Projects/active/sdd-forge-wt-epic-189/plugins/sdd-quality-loop/scripts/canonicalize-sdd-yaml.py", line 590, in parse_block
    return parse_mapping(lines, i, indent)
  File "/Users/jrmag/Projects/active/sdd-forge-wt-epic-189/plugins/sdd-quality-loop/scripts/canonicalize-sdd-yaml.py", line 671, in parse_mapping
    i = _parse_mapping_entries(lines, i, indent, mapping)
  File "/Users/jrmag/Projects/active/sdd-forge-wt-epic-189/plugins/sdd-quality-loop/scripts/canonicalize-sdd-yaml.py", line 664, in _parse_mapping_entries
    value, i = _resolve_entry_value(lines, i, indent, val_str, line_no)
               ~~~~~~~~~~~~~~~~~~~~^^^^^^^^^^^^^^^^^^^^^^^^^^^^^^^^^^^^
  File "/Users/jrmag/Projects/active/sdd-forge-wt-epic-189/plugins/sdd-quality-loop/scripts/canonicalize-sdd-yaml.py", line 582, in _resolve_entry_value
    return parse_block(lines, i, lines[i].indent)
  File "/Users/jrmag/Projects/active/sdd-forge-wt-epic-189/plugins/sdd-quality-loop/scripts/canonicalize-sdd-yaml.py", line 590, in parse_block
    return parse_mapping(lines, i, indent)
  File "/Users/jrmag/Projects/active/sdd-forge-wt-epic-189/plugins/sdd-quality-loop/scripts/canonicalize-sdd-yaml.py", line 671, in parse_mapping
    i = _parse_mapping_entries(lines, i, indent, mapping)
  File "/Users/jrmag/Projects/active/sdd-forge-wt-epic-189/plugins/sdd-quality-loop/scripts/canonicalize-sdd-yaml.py", line 664, in _parse_mapping_entries
    value, i = _resolve_entry_value(lines, i, indent, val_str, line_no)
               ~~~~~~~~~~~~~~~~~~~~^^^^^^^^^^^^^^^^^^^^^^^^^^^^^^^^^^^^
  File "/Users/jrmag/Projects/active/sdd-forge-wt-epic-189/plugins/sdd-quality-loop/scripts/canonicalize-sdd-yaml.py", line 582, in _resolve_entry_value
    return parse_block(lines, i, lines[i].indent)
  File "/Users/jrmag/Projects/active/sdd-forge-wt-epic-189/plugins/sdd-quality-loop/scripts/canonicalize-sdd-yaml.py", line 590, in parse_block
    return parse_mapping(lines, i, indent)
  File "/Users/jrmag/Projects/active/sdd-forge-wt-epic-189/plugins/sdd-quality-loop/scripts/canonicalize-sdd-yaml.py", line 671, in parse_mapping
    i = _parse_mapping_entries(lines, i, indent, mapping)
  File "/Users/jrmag/Projects/active/sdd-forge-wt-epic-189/plugins/sdd-quality-loop/scripts/canonicalize-sdd-yaml.py", line 664, in _parse_mapping_entries
    value, i = _resolve_entry_value(lines, i, indent, val_str, line_no)
               ~~~~~~~~~~~~~~~~~~~~^^^^^^^^^^^^^^^^^^^^^^^^^^^^^^^^^^^^
  File "/Users/jrmag/Projects/active/sdd-forge-wt-epic-189/plugins/sdd-quality-loop/scripts/canonicalize-sdd-yaml.py", line 582, in _resolve_entry_value
    return parse_block(lines, i, lines[i].indent)
  File "/Users/jrmag/Projects/active/sdd-forge-wt-epic-189/plugins/sdd-quality-loop/scripts/canonicalize-sdd-yaml.py", line 590, in parse_block
    return parse_mapping(lines, i, indent)
  File "/Users/jrmag/Projects/active/sdd-forge-wt-epic-189/plugins/sdd-quality-loop/scripts/canonicalize-sdd-yaml.py", line 671, in parse_mapping
    i = _parse_mapping_entries(lines, i, indent, mapping)
  File "/Users/jrmag/Projects/active/sdd-forge-wt-epic-189/plugins/sdd-quality-loop/scripts/canonicalize-sdd-yaml.py", line 664, in _parse_mapping_entries
    value, i = _resolve_entry_value(lines, i, indent, val_str, line_no)
               ~~~~~~~~~~~~~~~~~~~~^^^^^^^^^^^^^^^^^^^^^^^^^^^^^^^^^^^^
  File "/Users/jrmag/Projects/active/sdd-forge-wt-epic-189/plugins/sdd-quality-loop/scripts/canonicalize-sdd-yaml.py", line 582, in _resolve_entry_value
    return parse_block(lines, i, lines[i].indent)
  File "/Users/jrmag/Projects/active/sdd-forge-wt-epic-189/plugins/sdd-quality-loop/scripts/canonicalize-sdd-yaml.py", line 590, in parse_block
    return parse_mapping(lines, i, indent)
  File "/Users/jrmag/Projects/active/sdd-forge-wt-epic-189/plugins/sdd-quality-loop/scripts/canonicalize-sdd-yaml.py", line 671, in parse_mapping
    i = _parse_mapping_entries(lines, i, indent, mapping)
  File "/Users/jrmag/Projects/active/sdd-forge-wt-epic-189/plugins/sdd-quality-loop/scripts/canonicalize-sdd-yaml.py", line 664, in _parse_mapping_entries
    value, i = _resolve_entry_value(lines, i, indent, val_str, line_no)
               ~~~~~~~~~~~~~~~~~~~~^^^^^^^^^^^^^^^^^^^^^^^^^^^^^^^^^^^^
  File "/Users/jrmag/Projects/active/sdd-forge-wt-epic-189/plugins/sdd-quality-loop/scripts/canonicalize-sdd-yaml.py", line 582, in _resolve_entry_value
    return parse_block(lines, i, lines[i].indent)
  File "/Users/jrmag/Projects/active/sdd-forge-wt-epic-189/plugins/sdd-quality-loop/scripts/canonicalize-sdd-yaml.py", line 590, in parse_block
    return parse_mapping(lines, i, indent)
  File "/Users/jrmag/Projects/active/sdd-forge-wt-epic-189/plugins/sdd-quality-loop/scripts/canonicalize-sdd-yaml.py", line 671, in parse_mapping
    i = _parse_mapping_entries(lines, i, indent, mapping)
  File "/Users/jrmag/Projects/active/sdd-forge-wt-epic-189/plugins/sdd-quality-loop/scripts/canonicalize-sdd-yaml.py", line 664, in _parse_mapping_entries
    value, i = _resolve_entry_value(lines, i, indent, val_str, line_no)
               ~~~~~~~~~~~~~~~~~~~~^^^^^^^^^^^^^^^^^^^^^^^^^^^^^^^^^^^^
  File "/Users/jrmag/Projects/active/sdd-forge-wt-epic-189/plugins/sdd-quality-loop/scripts/canonicalize-sdd-yaml.py", line 582, in _resolve_entry_value
    return parse_block(lines, i, lines[i].indent)
  File "/Users/jrmag/Projects/active/sdd-forge-wt-epic-189/plugins/sdd-quality-loop/scripts/canonicalize-sdd-yaml.py", line 590, in parse_block
    return parse_mapping(lines, i, indent)
  File "/Users/jrmag/Projects/active/sdd-forge-wt-epic-189/plugins/sdd-quality-loop/scripts/canonicalize-sdd-yaml.py", line 671, in parse_mapping
    i = _parse_mapping_entries(lines, i, indent, mapping)
  File "/Users/jrmag/Projects/active/sdd-forge-wt-epic-189/plugins/sdd-quality-loop/scripts/canonicalize-sdd-yaml.py", line 664, in _parse_mapping_entries
    value, i = _resolve_entry_value(lines, i, indent, val_str, line_no)
               ~~~~~~~~~~~~~~~~~~~~^^^^^^^^^^^^^^^^^^^^^^^^^^^^^^^^^^^^
  File "/Users/jrmag/Projects/active/sdd-forge-wt-epic-189/plugins/sdd-quality-loop/scripts/canonicalize-sdd-yaml.py", line 582, in _resolve_entry_value
    return parse_block(lines, i, lines[i].indent)
  File "/Users/jrmag/Projects/active/sdd-forge-wt-epic-189/plugins/sdd-quality-loop/scripts/canonicalize-sdd-yaml.py", line 590, in parse_block
    return parse_mapping(lines, i, indent)
  File "/Users/jrmag/Projects/active/sdd-forge-wt-epic-189/plugins/sdd-quality-loop/scripts/canonicalize-sdd-yaml.py", line 671, in parse_mapping
    i = _parse_mapping_entries(lines, i, indent, mapping)
  File "/Users/jrmag/Projects/active/sdd-forge-wt-epic-189/plugins/sdd-quality-loop/scripts/canonicalize-sdd-yaml.py", line 664, in _parse_mapping_entries
    value, i = _resolve_entry_value(lines, i, indent, val_str, line_no)
               ~~~~~~~~~~~~~~~~~~~~^^^^^^^^^^^^^^^^^^^^^^^^^^^^^^^^^^^^
  File "/Users/jrmag/Projects/active/sdd-forge-wt-epic-189/plugins/sdd-quality-loop/scripts/canonicalize-sdd-yaml.py", line 582, in _resolve_entry_value
    return parse_block(lines, i, lines[i].indent)
  File "/Users/jrmag/Projects/active/sdd-forge-wt-epic-189/plugins/sdd-quality-loop/scripts/canonicalize-sdd-yaml.py", line 590, in parse_block
    return parse_mapping(lines, i, indent)
  File "/Users/jrmag/Projects/active/sdd-forge-wt-epic-189/plugins/sdd-quality-loop/scripts/canonicalize-sdd-yaml.py", line 671, in parse_mapping
    i = _parse_mapping_entries(lines, i, indent, mapping)
  File "/Users/jrmag/Projects/active/sdd-forge-wt-epic-189/plugins/sdd-quality-loop/scripts/canonicalize-sdd-yaml.py", line 664, in _parse_mapping_entries
    value, i = _resolve_entry_value(lines, i, indent, val_str, line_no)
               ~~~~~~~~~~~~~~~~~~~~^^^^^^^^^^^^^^^^^^^^^^^^^^^^^^^^^^^^
  File "/Users/jrmag/Projects/active/sdd-forge-wt-epic-189/plugins/sdd-quality-loop/scripts/canonicalize-sdd-yaml.py", line 582, in _resolve_entry_value
    return parse_block(lines, i, lines[i].indent)
  File "/Users/jrmag/Projects/active/sdd-forge-wt-epic-189/plugins/sdd-quality-loop/scripts/canonicalize-sdd-yaml.py", line 590, in parse_block
    return parse_mapping(lines, i, indent)
  File "/Users/jrmag/Projects/active/sdd-forge-wt-epic-189/plugins/sdd-quality-loop/scripts/canonicalize-sdd-yaml.py", line 671, in parse_mapping
    i = _parse_mapping_entries(lines, i, indent, mapping)
  File "/Users/jrmag/Projects/active/sdd-forge-wt-epic-189/plugins/sdd-quality-loop/scripts/canonicalize-sdd-yaml.py", line 664, in _parse_mapping_entries
    value, i = _resolve_entry_value(lines, i, indent, val_str, line_no)
               ~~~~~~~~~~~~~~~~~~~~^^^^^^^^^^^^^^^^^^^^^^^^^^^^^^^^^^^^
  File "/Users/jrmag/Projects/active/sdd-forge-wt-epic-189/plugins/sdd-quality-loop/scripts/canonicalize-sdd-yaml.py", line 582, in _resolve_entry_value
    return parse_block(lines, i, lines[i].indent)
  File "/Users/jrmag/Projects/active/sdd-forge-wt-epic-189/plugins/sdd-quality-loop/scripts/canonicalize-sdd-yaml.py", line 590, in parse_block
    return parse_mapping(lines, i, indent)
  File "/Users/jrmag/Projects/active/sdd-forge-wt-epic-189/plugins/sdd-quality-loop/scripts/canonicalize-sdd-yaml.py", line 671, in parse_mapping
    i = _parse_mapping_entries(lines, i, indent, mapping)
  File "/Users/jrmag/Projects/active/sdd-forge-wt-epic-189/plugins/sdd-quality-loop/scripts/canonicalize-sdd-yaml.py", line 664, in _parse_mapping_entries
    value, i = _resolve_entry_value(lines, i, indent, val_str, line_no)
               ~~~~~~~~~~~~~~~~~~~~^^^^^^^^^^^^^^^^^^^^^^^^^^^^^^^^^^^^
  File "/Users/jrmag/Projects/active/sdd-forge-wt-epic-189/plugins/sdd-quality-loop/scripts/canonicalize-sdd-yaml.py", line 582, in _resolve_entry_value
    return parse_block(lines, i, lines[i].indent)
  File "/Users/jrmag/Projects/active/sdd-forge-wt-epic-189/plugins/sdd-quality-loop/scripts/canonicalize-sdd-yaml.py", line 590, in parse_block
    return parse_mapping(lines, i, indent)
  File "/Users/jrmag/Projects/active/sdd-forge-wt-epic-189/plugins/sdd-quality-loop/scripts/canonicalize-sdd-yaml.py", line 671, in parse_mapping
    i = _parse_mapping_entries(lines, i, indent, mapping)
  File "/Users/jrmag/Projects/active/sdd-forge-wt-epic-189/plugins/sdd-quality-loop/scripts/canonicalize-sdd-yaml.py", line 664, in _parse_mapping_entries
    value, i = _resolve_entry_value(lines, i, indent, val_str, line_no)
               ~~~~~~~~~~~~~~~~~~~~^^^^^^^^^^^^^^^^^^^^^^^^^^^^^^^^^^^^
  File "/Users/jrmag/Projects/active/sdd-forge-wt-epic-189/plugins/sdd-quality-loop/scripts/canonicalize-sdd-yaml.py", line 582, in _resolve_entry_value
    return parse_block(lines, i, lines[i].indent)
  File "/Users/jrmag/Projects/active/sdd-forge-wt-epic-189/plugins/sdd-quality-loop/scripts/canonicalize-sdd-yaml.py", line 590, in parse_block
    return parse_mapping(lines, i, indent)
  File "/Users/jrmag/Projects/active/sdd-forge-wt-epic-189/plugins/sdd-quality-loop/scripts/canonicalize-sdd-yaml.py", line 671, in parse_mapping
    i = _parse_mapping_entries(lines, i, indent, mapping)
  File "/Users/jrmag/Projects/active/sdd-forge-wt-epic-189/plugins/sdd-quality-loop/scripts/canonicalize-sdd-yaml.py", line 664, in _parse_mapping_entries
    value, i = _resolve_entry_value(lines, i, indent, val_str, line_no)
               ~~~~~~~~~~~~~~~~~~~~^^^^^^^^^^^^^^^^^^^^^^^^^^^^^^^^^^^^
  File "/Users/jrmag/Projects/active/sdd-forge-wt-epic-189/plugins/sdd-quality-loop/scripts/canonicalize-sdd-yaml.py", line 582, in _resolve_entry_value
    return parse_block(lines, i, lines[i].indent)
  File "/Users/jrmag/Projects/active/sdd-forge-wt-epic-189/plugins/sdd-quality-loop/scripts/canonicalize-sdd-yaml.py", line 590, in parse_block
    return parse_mapping(lines, i, indent)
  File "/Users/jrmag/Projects/active/sdd-forge-wt-epic-189/plugins/sdd-quality-loop/scripts/canonicalize-sdd-yaml.py", line 671, in parse_mapping
    i = _parse_mapping_entries(lines, i, indent, mapping)
  File "/Users/jrmag/Projects/active/sdd-forge-wt-epic-189/plugins/sdd-quality-loop/scripts/canonicalize-sdd-yaml.py", line 664, in _parse_mapping_entries
    value, i = _resolve_entry_value(lines, i, indent, val_str, line_no)
               ~~~~~~~~~~~~~~~~~~~~^^^^^^^^^^^^^^^^^^^^^^^^^^^^^^^^^^^^
  File "/Users/jrmag/Projects/active/sdd-forge-wt-epic-189/plugins/sdd-quality-loop/scripts/canonicalize-sdd-yaml.py", line 582, in _resolve_entry_value
    return parse_block(lines, i, lines[i].indent)
  File "/Users/jrmag/Projects/active/sdd-forge-wt-epic-189/plugins/sdd-quality-loop/scripts/canonicalize-sdd-yaml.py", line 590, in parse_block
    return parse_mapping(lines, i, indent)
  File "/Users/jrmag/Projects/active/sdd-forge-wt-epic-189/plugins/sdd-quality-loop/scripts/canonicalize-sdd-yaml.py", line 671, in parse_mapping
    i = _parse_mapping_entries(lines, i, indent, mapping)
  File "/Users/jrmag/Projects/active/sdd-forge-wt-epic-189/plugins/sdd-quality-loop/scripts/canonicalize-sdd-yaml.py", line 664, in _parse_mapping_entries
    value, i = _resolve_entry_value(lines, i, indent, val_str, line_no)
               ~~~~~~~~~~~~~~~~~~~~^^^^^^^^^^^^^^^^^^^^^^^^^^^^^^^^^^^^
  File "/Users/jrmag/Projects/active/sdd-forge-wt-epic-189/plugins/sdd-quality-loop/scripts/canonicalize-sdd-yaml.py", line 582, in _resolve_entry_value
    return parse_block(lines, i, lines[i].indent)
  File "/Users/jrmag/Projects/active/sdd-forge-wt-epic-189/plugins/sdd-quality-loop/scripts/canonicalize-sdd-yaml.py", line 590, in parse_block
    return parse_mapping(lines, i, indent)
  File "/Users/jrmag/Projects/active/sdd-forge-wt-epic-189/plugins/sdd-quality-loop/scripts/canonicalize-sdd-yaml.py", line 671, in parse_mapping
    i = _parse_mapping_entries(lines, i, indent, mapping)
  File "/Users/jrmag/Projects/active/sdd-forge-wt-epic-189/plugins/sdd-quality-loop/scripts/canonicalize-sdd-yaml.py", line 664, in _parse_mapping_entries
    value, i = _resolve_entry_value(lines, i, indent, val_str, line_no)
               ~~~~~~~~~~~~~~~~~~~~^^^^^^^^^^^^^^^^^^^^^^^^^^^^^^^^^^^^
  File "/Users/jrmag/Projects/active/sdd-forge-wt-epic-189/plugins/sdd-quality-loop/scripts/canonicalize-sdd-yaml.py", line 582, in _resolve_entry_value
    return parse_block(lines, i, lines[i].indent)
  File "/Users/jrmag/Projects/active/sdd-forge-wt-epic-189/plugins/sdd-quality-loop/scripts/canonicalize-sdd-yaml.py", line 590, in parse_block
    return parse_mapping(lines, i, indent)
  File "/Users/jrmag/Projects/active/sdd-forge-wt-epic-189/plugins/sdd-quality-loop/scripts/canonicalize-sdd-yaml.py", line 671, in parse_mapping
    i = _parse_mapping_entries(lines, i, indent, mapping)
  File "/Users/jrmag/Projects/active/sdd-forge-wt-epic-189/plugins/sdd-quality-loop/scripts/canonicalize-sdd-yaml.py", line 664, in _parse_mapping_entries
    value, i = _resolve_entry_value(lines, i, indent, val_str, line_no)
               ~~~~~~~~~~~~~~~~~~~~^^^^^^^^^^^^^^^^^^^^^^^^^^^^^^^^^^^^
  File "/Users/jrmag/Projects/active/sdd-forge-wt-epic-189/plugins/sdd-quality-loop/scripts/canonicalize-sdd-yaml.py", line 582, in _resolve_entry_value
    return parse_block(lines, i, lines[i].indent)
  File "/Users/jrmag/Projects/active/sdd-forge-wt-epic-189/plugins/sdd-quality-loop/scripts/canonicalize-sdd-yaml.py", line 590, in parse_block
    return parse_mapping(lines, i, indent)
  File "/Users/jrmag/Projects/active/sdd-forge-wt-epic-189/plugins/sdd-quality-loop/scripts/canonicalize-sdd-yaml.py", line 671, in parse_mapping
    i = _parse_mapping_entries(lines, i, indent, mapping)
  File "/Users/jrmag/Projects/active/sdd-forge-wt-epic-189/plugins/sdd-quality-loop/scripts/canonicalize-sdd-yaml.py", line 664, in _parse_mapping_entries
    value, i = _resolve_entry_value(lines, i, indent, val_str, line_no)
               ~~~~~~~~~~~~~~~~~~~~^^^^^^^^^^^^^^^^^^^^^^^^^^^^^^^^^^^^
  File "/Users/jrmag/Projects/active/sdd-forge-wt-epic-189/plugins/sdd-quality-loop/scripts/canonicalize-sdd-yaml.py", line 582, in _resolve_entry_value
    return parse_block(lines, i, lines[i].indent)
  File "/Users/jrmag/Projects/active/sdd-forge-wt-epic-189/plugins/sdd-quality-loop/scripts/canonicalize-sdd-yaml.py", line 590, in parse_block
    return parse_mapping(lines, i, indent)
  File "/Users/jrmag/Projects/active/sdd-forge-wt-epic-189/plugins/sdd-quality-loop/scripts/canonicalize-sdd-yaml.py", line 671, in parse_mapping
    i = _parse_mapping_entries(lines, i, indent, mapping)
  File "/Users/jrmag/Projects/active/sdd-forge-wt-epic-189/plugins/sdd-quality-loop/scripts/canonicalize-sdd-yaml.py", line 664, in _parse_mapping_entries
    value, i = _resolve_entry_value(lines, i, indent, val_str, line_no)
               ~~~~~~~~~~~~~~~~~~~~^^^^^^^^^^^^^^^^^^^^^^^^^^^^^^^^^^^^
  File "/Users/jrmag/Projects/active/sdd-forge-wt-epic-189/plugins/sdd-quality-loop/scripts/canonicalize-sdd-yaml.py", line 582, in _resolve_entry_value
    return parse_block(lines, i, lines[i].indent)
  File "/Users/jrmag/Projects/active/sdd-forge-wt-epic-189/plugins/sdd-quality-loop/scripts/canonicalize-sdd-yaml.py", line 590, in parse_block
    return parse_mapping(lines, i, indent)
  File "/Users/jrmag/Projects/active/sdd-forge-wt-epic-189/plugins/sdd-quality-loop/scripts/canonicalize-sdd-yaml.py", line 671, in parse_mapping
    i = _parse_mapping_entries(lines, i, indent, mapping)
  File "/Users/jrmag/Projects/active/sdd-forge-wt-epic-189/plugins/sdd-quality-loop/scripts/canonicalize-sdd-yaml.py", line 664, in _parse_mapping_entries
    value, i = _resolve_entry_value(lines, i, indent, val_str, line_no)
               ~~~~~~~~~~~~~~~~~~~~^^^^^^^^^^^^^^^^^^^^^^^^^^^^^^^^^^^^
  File "/Users/jrmag/Projects/active/sdd-forge-wt-epic-189/plugins/sdd-quality-loop/scripts/canonicalize-sdd-yaml.py", line 582, in _resolve_entry_value
    return parse_block(lines, i, lines[i].indent)
  File "/Users/jrmag/Projects/active/sdd-forge-wt-epic-189/plugins/sdd-quality-loop/scripts/canonicalize-sdd-yaml.py", line 590, in parse_block
    return parse_mapping(lines, i, indent)
  File "/Users/jrmag/Projects/active/sdd-forge-wt-epic-189/plugins/sdd-quality-loop/scripts/canonicalize-sdd-yaml.py", line 671, in parse_mapping
    i = _parse_mapping_entries(lines, i, indent, mapping)
  File "/Users/jrmag/Projects/active/sdd-forge-wt-epic-189/plugins/sdd-quality-loop/scripts/canonicalize-sdd-yaml.py", line 664, in _parse_mapping_entries
    value, i = _resolve_entry_value(lines, i, indent, val_str, line_no)
               ~~~~~~~~~~~~~~~~~~~~^^^^^^^^^^^^^^^^^^^^^^^^^^^^^^^^^^^^
  File "/Users/jrmag/Projects/active/sdd-forge-wt-epic-189/plugins/sdd-quality-loop/scripts/canonicalize-sdd-yaml.py", line 582, in _resolve_entry_value
    return parse_block(lines, i, lines[i].indent)
  File "/Users/jrmag/Projects/active/sdd-forge-wt-epic-189/plugins/sdd-quality-loop/scripts/canonicalize-sdd-yaml.py", line 590, in parse_block
    return parse_mapping(lines, i, indent)
  File "/Users/jrmag/Projects/active/sdd-forge-wt-epic-189/plugins/sdd-quality-loop/scripts/canonicalize-sdd-yaml.py", line 671, in parse_mapping
    i = _parse_mapping_entries(lines, i, indent, mapping)
  File "/Users/jrmag/Projects/active/sdd-forge-wt-epic-189/plugins/sdd-quality-loop/scripts/canonicalize-sdd-yaml.py", line 664, in _parse_mapping_entries
    value, i = _resolve_entry_value(lines, i, indent, val_str, line_no)
               ~~~~~~~~~~~~~~~~~~~~^^^^^^^^^^^^^^^^^^^^^^^^^^^^^^^^^^^^
  File "/Users/jrmag/Projects/active/sdd-forge-wt-epic-189/plugins/sdd-quality-loop/scripts/canonicalize-sdd-yaml.py", line 582, in _resolve_entry_value
    return parse_block(lines, i, lines[i].indent)
  File "/Users/jrmag/Projects/active/sdd-forge-wt-epic-189/plugins/sdd-quality-loop/scripts/canonicalize-sdd-yaml.py", line 590, in parse_block
    return parse_mapping(lines, i, indent)
  File "/Users/jrmag/Projects/active/sdd-forge-wt-epic-189/plugins/sdd-quality-loop/scripts/canonicalize-sdd-yaml.py", line 671, in parse_mapping
    i = _parse_mapping_entries(lines, i, indent, mapping)
  File "/Users/jrmag/Projects/active/sdd-forge-wt-epic-189/plugins/sdd-quality-loop/scripts/canonicalize-sdd-yaml.py", line 664, in _parse_mapping_entries
    value, i = _resolve_entry_value(lines, i, indent, val_str, line_no)
               ~~~~~~~~~~~~~~~~~~~~^^^^^^^^^^^^^^^^^^^^^^^^^^^^^^^^^^^^
  File "/Users/jrmag/Projects/active/sdd-forge-wt-epic-189/plugins/sdd-quality-loop/scripts/canonicalize-sdd-yaml.py", line 582, in _resolve_entry_value
    return parse_block(lines, i, lines[i].indent)
  File "/Users/jrmag/Projects/active/sdd-forge-wt-epic-189/plugins/sdd-quality-loop/scripts/canonicalize-sdd-yaml.py", line 590, in parse_block
    return parse_mapping(lines, i, indent)
  File "/Users/jrmag/Projects/active/sdd-forge-wt-epic-189/plugins/sdd-quality-loop/scripts/canonicalize-sdd-yaml.py", line 671, in parse_mapping
    i = _parse_mapping_entries(lines, i, indent, mapping)
  File "/Users/jrmag/Projects/active/sdd-forge-wt-epic-189/plugins/sdd-quality-loop/scripts/canonicalize-sdd-yaml.py", line 664, in _parse_mapping_entries
    value, i = _resolve_entry_value(lines, i, indent, val_str, line_no)
               ~~~~~~~~~~~~~~~~~~~~^^^^^^^^^^^^^^^^^^^^^^^^^^^^^^^^^^^^
  File "/Users/jrmag/Projects/active/sdd-forge-wt-epic-189/plugins/sdd-quality-loop/scripts/canonicalize-sdd-yaml.py", line 582, in _resolve_entry_value
    return parse_block(lines, i, lines[i].indent)
  File "/Users/jrmag/Projects/active/sdd-forge-wt-epic-189/plugins/sdd-quality-loop/scripts/canonicalize-sdd-yaml.py", line 590, in parse_block
    return parse_mapping(lines, i, indent)
  File "/Users/jrmag/Projects/active/sdd-forge-wt-epic-189/plugins/sdd-quality-loop/scripts/canonicalize-sdd-yaml.py", line 671, in parse_mapping
    i = _parse_mapping_entries(lines, i, indent, mapping)
  File "/Users/jrmag/Projects/active/sdd-forge-wt-epic-189/plugins/sdd-quality-loop/scripts/canonicalize-sdd-yaml.py", line 664, in _parse_mapping_entries
    value, i = _resolve_entry_value(lines, i, indent, val_str, line_no)
               ~~~~~~~~~~~~~~~~~~~~^^^^^^^^^^^^^^^^^^^^^^^^^^^^^^^^^^^^
  File "/Users/jrmag/Projects/active/sdd-forge-wt-epic-189/plugins/sdd-quality-loop/scripts/canonicalize-sdd-yaml.py", line 582, in _resolve_entry_value
    return parse_block(lines, i, lines[i].indent)
  File "/Users/jrmag/Projects/active/sdd-forge-wt-epic-189/plugins/sdd-quality-loop/scripts/canonicalize-sdd-yaml.py", line 590, in parse_block
    return parse_mapping(lines, i, indent)
  File "/Users/jrmag/Projects/active/sdd-forge-wt-epic-189/plugins/sdd-quality-loop/scripts/canonicalize-sdd-yaml.py", line 671, in parse_mapping
    i = _parse_mapping_entries(lines, i, indent, mapping)
  File "/Users/jrmag/Projects/active/sdd-forge-wt-epic-189/plugins/sdd-quality-loop/scripts/canonicalize-sdd-yaml.py", line 664, in _parse_mapping_entries
    value, i = _resolve_entry_value(lines, i, indent, val_str, line_no)
               ~~~~~~~~~~~~~~~~~~~~^^^^^^^^^^^^^^^^^^^^^^^^^^^^^^^^^^^^
  File "/Users/jrmag/Projects/active/sdd-forge-wt-epic-189/plugins/sdd-quality-loop/scripts/canonicalize-sdd-yaml.py", line 582, in _resolve_entry_value
    return parse_block(lines, i, lines[i].indent)
  File "/Users/jrmag/Projects/active/sdd-forge-wt-epic-189/plugins/sdd-quality-loop/scripts/canonicalize-sdd-yaml.py", line 590, in parse_block
    return parse_mapping(lines, i, indent)
  File "/Users/jrmag/Projects/active/sdd-forge-wt-epic-189/plugins/sdd-quality-loop/scripts/canonicalize-sdd-yaml.py", line 671, in parse_mapping
    i = _parse_mapping_entries(lines, i, indent, mapping)
  File "/Users/jrmag/Projects/active/sdd-forge-wt-epic-189/plugins/sdd-quality-loop/scripts/canonicalize-sdd-yaml.py", line 664, in _parse_mapping_entries
    value, i = _resolve_entry_value(lines, i, indent, val_str, line_no)
               ~~~~~~~~~~~~~~~~~~~~^^^^^^^^^^^^^^^^^^^^^^^^^^^^^^^^^^^^
  File "/Users/jrmag/Projects/active/sdd-forge-wt-epic-189/plugins/sdd-quality-loop/scripts/canonicalize-sdd-yaml.py", line 582, in _resolve_entry_value
    return parse_block(lines, i, lines[i].indent)
  File "/Users/jrmag/Projects/active/sdd-forge-wt-epic-189/plugins/sdd-quality-loop/scripts/canonicalize-sdd-yaml.py", line 590, in parse_block
    return parse_mapping(lines, i, indent)
  File "/Users/jrmag/Projects/active/sdd-forge-wt-epic-189/plugins/sdd-quality-loop/scripts/canonicalize-sdd-yaml.py", line 671, in parse_mapping
    i = _parse_mapping_entries(lines, i, indent, mapping)
  File "/Users/jrmag/Projects/active/sdd-forge-wt-epic-189/plugins/sdd-quality-loop/scripts/canonicalize-sdd-yaml.py", line 664, in _parse_mapping_entries
    value, i = _resolve_entry_value(lines, i, indent, val_str, line_no)
               ~~~~~~~~~~~~~~~~~~~~^^^^^^^^^^^^^^^^^^^^^^^^^^^^^^^^^^^^
  File "/Users/jrmag/Projects/active/sdd-forge-wt-epic-189/plugins/sdd-quality-loop/scripts/canonicalize-sdd-yaml.py", line 582, in _resolve_entry_value
    return parse_block(lines, i, lines[i].indent)
  File "/Users/jrmag/Projects/active/sdd-forge-wt-epic-189/plugins/sdd-quality-loop/scripts/canonicalize-sdd-yaml.py", line 590, in parse_block
    return parse_mapping(lines, i, indent)
  File "/Users/jrmag/Projects/active/sdd-forge-wt-epic-189/plugins/sdd-quality-loop/scripts/canonicalize-sdd-yaml.py", line 671, in parse_mapping
    i = _parse_mapping_entries(lines, i, indent, mapping)
  File "/Users/jrmag/Projects/active/sdd-forge-wt-epic-189/plugins/sdd-quality-loop/scripts/canonicalize-sdd-yaml.py", line 664, in _parse_mapping_entries
    value, i = _resolve_entry_value(lines, i, indent, val_str, line_no)
               ~~~~~~~~~~~~~~~~~~~~^^^^^^^^^^^^^^^^^^^^^^^^^^^^^^^^^^^^
  File "/Users/jrmag/Projects/active/sdd-forge-wt-epic-189/plugins/sdd-quality-loop/scripts/canonicalize-sdd-yaml.py", line 582, in _resolve_entry_value
    return parse_block(lines, i, lines[i].indent)
  File "/Users/jrmag/Projects/active/sdd-forge-wt-epic-189/plugins/sdd-quality-loop/scripts/canonicalize-sdd-yaml.py", line 590, in parse_block
    return parse_mapping(lines, i, indent)
  File "/Users/jrmag/Projects/active/sdd-forge-wt-epic-189/plugins/sdd-quality-loop/scripts/canonicalize-sdd-yaml.py", line 671, in parse_mapping
    i = _parse_mapping_entries(lines, i, indent, mapping)
  File "/Users/jrmag/Projects/active/sdd-forge-wt-epic-189/plugins/sdd-quality-loop/scripts/canonicalize-sdd-yaml.py", line 664, in _parse_mapping_entries
    value, i = _resolve_entry_value(lines, i, indent, val_str, line_no)
               ~~~~~~~~~~~~~~~~~~~~^^^^^^^^^^^^^^^^^^^^^^^^^^^^^^^^^^^^
  File "/Users/jrmag/Projects/active/sdd-forge-wt-epic-189/plugins/sdd-quality-loop/scripts/canonicalize-sdd-yaml.py", line 582, in _resolve_entry_value
    return parse_block(lines, i, lines[i].indent)
  File "/Users/jrmag/Projects/active/sdd-forge-wt-epic-189/plugins/sdd-quality-loop/scripts/canonicalize-sdd-yaml.py", line 590, in parse_block
    return parse_mapping(lines, i, indent)
  File "/Users/jrmag/Projects/active/sdd-forge-wt-epic-189/plugins/sdd-quality-loop/scripts/canonicalize-sdd-yaml.py", line 671, in parse_mapping
    i = _parse_mapping_entries(lines, i, indent, mapping)
  File "/Users/jrmag/Projects/active/sdd-forge-wt-epic-189/plugins/sdd-quality-loop/scripts/canonicalize-sdd-yaml.py", line 664, in _parse_mapping_entries
    value, i = _resolve_entry_value(lines, i, indent, val_str, line_no)
               ~~~~~~~~~~~~~~~~~~~~^^^^^^^^^^^^^^^^^^^^^^^^^^^^^^^^^^^^
  File "/Users/jrmag/Projects/active/sdd-forge-wt-epic-189/plugins/sdd-quality-loop/scripts/canonicalize-sdd-yaml.py", line 582, in _resolve_entry_value
    return parse_block(lines, i, lines[i].indent)
  File "/Users/jrmag/Projects/active/sdd-forge-wt-epic-189/plugins/sdd-quality-loop/scripts/canonicalize-sdd-yaml.py", line 590, in parse_block
    return parse_mapping(lines, i, indent)
  File "/Users/jrmag/Projects/active/sdd-forge-wt-epic-189/plugins/sdd-quality-loop/scripts/canonicalize-sdd-yaml.py", line 671, in parse_mapping
    i = _parse_mapping_entries(lines, i, indent, mapping)
  File "/Users/jrmag/Projects/active/sdd-forge-wt-epic-189/plugins/sdd-quality-loop/scripts/canonicalize-sdd-yaml.py", line 664, in _parse_mapping_entries
    value, i = _resolve_entry_value(lines, i, indent, val_str, line_no)
               ~~~~~~~~~~~~~~~~~~~~^^^^^^^^^^^^^^^^^^^^^^^^^^^^^^^^^^^^
  File "/Users/jrmag/Projects/active/sdd-forge-wt-epic-189/plugins/sdd-quality-loop/scripts/canonicalize-sdd-yaml.py", line 582, in _resolve_entry_value
    return parse_block(lines, i, lines[i].indent)
  File "/Users/jrmag/Projects/active/sdd-forge-wt-epic-189/plugins/sdd-quality-loop/scripts/canonicalize-sdd-yaml.py", line 590, in parse_block
    return parse_mapping(lines, i, indent)
  File "/Users/jrmag/Projects/active/sdd-forge-wt-epic-189/plugins/sdd-quality-loop/scripts/canonicalize-sdd-yaml.py", line 671, in parse_mapping
    i = _parse_mapping_entries(lines, i, indent, mapping)
  File "/Users/jrmag/Projects/active/sdd-forge-wt-epic-189/plugins/sdd-quality-loop/scripts/canonicalize-sdd-yaml.py", line 664, in _parse_mapping_entries
    value, i = _resolve_entry_value(lines, i, indent, val_str, line_no)
               ~~~~~~~~~~~~~~~~~~~~^^^^^^^^^^^^^^^^^^^^^^^^^^^^^^^^^^^^
  File "/Users/jrmag/Projects/active/sdd-forge-wt-epic-189/plugins/sdd-quality-loop/scripts/canonicalize-sdd-yaml.py", line 582, in _resolve_entry_value
    return parse_block(lines, i, lines[i].indent)
  File "/Users/jrmag/Projects/active/sdd-forge-wt-epic-189/plugins/sdd-quality-loop/scripts/canonicalize-sdd-yaml.py", line 590, in parse_block
    return parse_mapping(lines, i, indent)
  File "/Users/jrmag/Projects/active/sdd-forge-wt-epic-189/plugins/sdd-quality-loop/scripts/canonicalize-sdd-yaml.py", line 671, in parse_mapping
    i = _parse_mapping_entries(lines, i, indent, mapping)
  File "/Users/jrmag/Projects/active/sdd-forge-wt-epic-189/plugins/sdd-quality-loop/scripts/canonicalize-sdd-yaml.py", line 664, in _parse_mapping_entries
    value, i = _resolve_entry_value(lines, i, indent, val_str, line_no)
               ~~~~~~~~~~~~~~~~~~~~^^^^^^^^^^^^^^^^^^^^^^^^^^^^^^^^^^^^
  File "/Users/jrmag/Projects/active/sdd-forge-wt-epic-189/plugins/sdd-quality-loop/scripts/canonicalize-sdd-yaml.py", line 582, in _resolve_entry_value
    return parse_block(lines, i, lines[i].indent)
  File "/Users/jrmag/Projects/active/sdd-forge-wt-epic-189/plugins/sdd-quality-loop/scripts/canonicalize-sdd-yaml.py", line 590, in parse_block
    return parse_mapping(lines, i, indent)
  File "/Users/jrmag/Projects/active/sdd-forge-wt-epic-189/plugins/sdd-quality-loop/scripts/canonicalize-sdd-yaml.py", line 671, in parse_mapping
    i = _parse_mapping_entries(lines, i, indent, mapping)
  File "/Users/jrmag/Projects/active/sdd-forge-wt-epic-189/plugins/sdd-quality-loop/scripts/canonicalize-sdd-yaml.py", line 664, in _parse_mapping_entries
    value, i = _resolve_entry_value(lines, i, indent, val_str, line_no)
               ~~~~~~~~~~~~~~~~~~~~^^^^^^^^^^^^^^^^^^^^^^^^^^^^^^^^^^^^
  File "/Users/jrmag/Projects/active/sdd-forge-wt-epic-189/plugins/sdd-quality-loop/scripts/canonicalize-sdd-yaml.py", line 582, in _resolve_entry_value
    return parse_block(lines, i, lines[i].indent)
  File "/Users/jrmag/Projects/active/sdd-forge-wt-epic-189/plugins/sdd-quality-loop/scripts/canonicalize-sdd-yaml.py", line 590, in parse_block
    return parse_mapping(lines, i, indent)
  File "/Users/jrmag/Projects/active/sdd-forge-wt-epic-189/plugins/sdd-quality-loop/scripts/canonicalize-sdd-yaml.py", line 671, in parse_mapping
    i = _parse_mapping_entries(lines, i, indent, mapping)
  File "/Users/jrmag/Projects/active/sdd-forge-wt-epic-189/plugins/sdd-quality-loop/scripts/canonicalize-sdd-yaml.py", line 664, in _parse_mapping_entries
    value, i = _resolve_entry_value(lines, i, indent, val_str, line_no)
               ~~~~~~~~~~~~~~~~~~~~^^^^^^^^^^^^^^^^^^^^^^^^^^^^^^^^^^^^
  File "/Users/jrmag/Projects/active/sdd-forge-wt-epic-189/plugins/sdd-quality-loop/scripts/canonicalize-sdd-yaml.py", line 582, in _resolve_entry_value
    return parse_block(lines, i, lines[i].indent)
  File "/Users/jrmag/Projects/active/sdd-forge-wt-epic-189/plugins/sdd-quality-loop/scripts/canonicalize-sdd-yaml.py", line 590, in parse_block
    return parse_mapping(lines, i, indent)
  File "/Users/jrmag/Projects/active/sdd-forge-wt-epic-189/plugins/sdd-quality-loop/scripts/canonicalize-sdd-yaml.py", line 671, in parse_mapping
    i = _parse_mapping_entries(lines, i, indent, mapping)
  File "/Users/jrmag/Projects/active/sdd-forge-wt-epic-189/plugins/sdd-quality-loop/scripts/canonicalize-sdd-yaml.py", line 664, in _parse_mapping_entries
    value, i = _resolve_entry_value(lines, i, indent, val_str, line_no)
               ~~~~~~~~~~~~~~~~~~~~^^^^^^^^^^^^^^^^^^^^^^^^^^^^^^^^^^^^
  File "/Users/jrmag/Projects/active/sdd-forge-wt-epic-189/plugins/sdd-quality-loop/scripts/canonicalize-sdd-yaml.py", line 582, in _resolve_entry_value
    return parse_block(lines, i, lines[i].indent)
  File "/Users/jrmag/Projects/active/sdd-forge-wt-epic-189/plugins/sdd-quality-loop/scripts/canonicalize-sdd-yaml.py", line 590, in parse_block
    return parse_mapping(lines, i, indent)
  File "/Users/jrmag/Projects/active/sdd-forge-wt-epic-189/plugins/sdd-quality-loop/scripts/canonicalize-sdd-yaml.py", line 671, in parse_mapping
    i = _parse_mapping_entries(lines, i, indent, mapping)
  File "/Users/jrmag/Projects/active/sdd-forge-wt-epic-189/plugins/sdd-quality-loop/scripts/canonicalize-sdd-yaml.py", line 664, in _parse_mapping_entries
    value, i = _resolve_entry_value(lines, i, indent, val_str, line_no)
               ~~~~~~~~~~~~~~~~~~~~^^^^^^^^^^^^^^^^^^^^^^^^^^^^^^^^^^^^
  File "/Users/jrmag/Projects/active/sdd-forge-wt-epic-189/plugins/sdd-quality-loop/scripts/canonicalize-sdd-yaml.py", line 582, in _resolve_entry_value
    return parse_block(lines, i, lines[i].indent)
  File "/Users/jrmag/Projects/active/sdd-forge-wt-epic-189/plugins/sdd-quality-loop/scripts/canonicalize-sdd-yaml.py", line 590, in parse_block
    return parse_mapping(lines, i, indent)
  File "/Users/jrmag/Projects/active/sdd-forge-wt-epic-189/plugins/sdd-quality-loop/scripts/canonicalize-sdd-yaml.py", line 671, in parse_mapping
    i = _parse_mapping_entries(lines, i, indent, mapping)
  File "/Users/jrmag/Projects/active/sdd-forge-wt-epic-189/plugins/sdd-quality-loop/scripts/canonicalize-sdd-yaml.py", line 664, in _parse_mapping_entries
    value, i = _resolve_entry_value(lines, i, indent, val_str, line_no)
               ~~~~~~~~~~~~~~~~~~~~^^^^^^^^^^^^^^^^^^^^^^^^^^^^^^^^^^^^
  File "/Users/jrmag/Projects/active/sdd-forge-wt-epic-189/plugins/sdd-quality-loop/scripts/canonicalize-sdd-yaml.py", line 582, in _resolve_entry_value
    return parse_block(lines, i, lines[i].indent)
  File "/Users/jrmag/Projects/active/sdd-forge-wt-epic-189/plugins/sdd-quality-loop/scripts/canonicalize-sdd-yaml.py", line 590, in parse_block
    return parse_mapping(lines, i, indent)
  File "/Users/jrmag/Projects/active/sdd-forge-wt-epic-189/plugins/sdd-quality-loop/scripts/canonicalize-sdd-yaml.py", line 671, in parse_mapping
    i = _parse_mapping_entries(lines, i, indent, mapping)
  File "/Users/jrmag/Projects/active/sdd-forge-wt-epic-189/plugins/sdd-quality-loop/scripts/canonicalize-sdd-yaml.py", line 664, in _parse_mapping_entries
    value, i = _resolve_entry_value(lines, i, indent, val_str, line_no)
               ~~~~~~~~~~~~~~~~~~~~^^^^^^^^^^^^^^^^^^^^^^^^^^^^^^^^^^^^
  File "/Users/jrmag/Projects/active/sdd-forge-wt-epic-189/plugins/sdd-quality-loop/scripts/canonicalize-sdd-yaml.py", line 582, in _resolve_entry_value
    return parse_block(lines, i, lines[i].indent)
  File "/Users/jrmag/Projects/active/sdd-forge-wt-epic-189/plugins/sdd-quality-loop/scripts/canonicalize-sdd-yaml.py", line 590, in parse_block
    return parse_mapping(lines, i, indent)
  File "/Users/jrmag/Projects/active/sdd-forge-wt-epic-189/plugins/sdd-quality-loop/scripts/canonicalize-sdd-yaml.py", line 671, in parse_mapping
    i = _parse_mapping_entries(lines, i, indent, mapping)
  File "/Users/jrmag/Projects/active/sdd-forge-wt-epic-189/plugins/sdd-quality-loop/scripts/canonicalize-sdd-yaml.py", line 664, in _parse_mapping_entries
    value, i = _resolve_entry_value(lines, i, indent, val_str, line_no)
               ~~~~~~~~~~~~~~~~~~~~^^^^^^^^^^^^^^^^^^^^^^^^^^^^^^^^^^^^
  File "/Users/jrmag/Projects/active/sdd-forge-wt-epic-189/plugins/sdd-quality-loop/scripts/canonicalize-sdd-yaml.py", line 582, in _resolve_entry_value
    return parse_block(lines, i, lines[i].indent)
  File "/Users/jrmag/Projects/active/sdd-forge-wt-epic-189/plugins/sdd-quality-loop/scripts/canonicalize-sdd-yaml.py", line 590, in parse_block
    return parse_mapping(lines, i, indent)
  File "/Users/jrmag/Projects/active/sdd-forge-wt-epic-189/plugins/sdd-quality-loop/scripts/canonicalize-sdd-yaml.py", line 671, in parse_mapping
    i = _parse_mapping_entries(lines, i, indent, mapping)
  File "/Users/jrmag/Projects/active/sdd-forge-wt-epic-189/plugins/sdd-quality-loop/scripts/canonicalize-sdd-yaml.py", line 664, in _parse_mapping_entries
    value, i = _resolve_entry_value(lines, i, indent, val_str, line_no)
               ~~~~~~~~~~~~~~~~~~~~^^^^^^^^^^^^^^^^^^^^^^^^^^^^^^^^^^^^
  File "/Users/jrmag/Projects/active/sdd-forge-wt-epic-189/plugins/sdd-quality-loop/scripts/canonicalize-sdd-yaml.py", line 582, in _resolve_entry_value
    return parse_block(lines, i, lines[i].indent)
  File "/Users/jrmag/Projects/active/sdd-forge-wt-epic-189/plugins/sdd-quality-loop/scripts/canonicalize-sdd-yaml.py", line 590, in parse_block
    return parse_mapping(lines, i, indent)
  File "/Users/jrmag/Projects/active/sdd-forge-wt-epic-189/plugins/sdd-quality-loop/scripts/canonicalize-sdd-yaml.py", line 671, in parse_mapping
    i = _parse_mapping_entries(lines, i, indent, mapping)
  File "/Users/jrmag/Projects/active/sdd-forge-wt-epic-189/plugins/sdd-quality-loop/scripts/canonicalize-sdd-yaml.py", line 664, in _parse_mapping_entries
    value, i = _resolve_entry_value(lines, i, indent, val_str, line_no)
               ~~~~~~~~~~~~~~~~~~~~^^^^^^^^^^^^^^^^^^^^^^^^^^^^^^^^^^^^
  File "/Users/jrmag/Projects/active/sdd-forge-wt-epic-189/plugins/sdd-quality-loop/scripts/canonicalize-sdd-yaml.py", line 582, in _resolve_entry_value
    return parse_block(lines, i, lines[i].indent)
  File "/Users/jrmag/Projects/active/sdd-forge-wt-epic-189/plugins/sdd-quality-loop/scripts/canonicalize-sdd-yaml.py", line 590, in parse_block
    return parse_mapping(lines, i, indent)
  File "/Users/jrmag/Projects/active/sdd-forge-wt-epic-189/plugins/sdd-quality-loop/scripts/canonicalize-sdd-yaml.py", line 671, in parse_mapping
    i = _parse_mapping_entries(lines, i, indent, mapping)
  File "/Users/jrmag/Projects/active/sdd-forge-wt-epic-189/plugins/sdd-quality-loop/scripts/canonicalize-sdd-yaml.py", line 664, in _parse_mapping_entries
    value, i = _resolve_entry_value(lines, i, indent, val_str, line_no)
               ~~~~~~~~~~~~~~~~~~~~^^^^^^^^^^^^^^^^^^^^^^^^^^^^^^^^^^^^
  File "/Users/jrmag/Projects/active/sdd-forge-wt-epic-189/plugins/sdd-quality-loop/scripts/canonicalize-sdd-yaml.py", line 582, in _resolve_entry_value
    return parse_block(lines, i, lines[i].indent)
  File "/Users/jrmag/Projects/active/sdd-forge-wt-epic-189/plugins/sdd-quality-loop/scripts/canonicalize-sdd-yaml.py", line 590, in parse_block
    return parse_mapping(lines, i, indent)
  File "/Users/jrmag/Projects/active/sdd-forge-wt-epic-189/plugins/sdd-quality-loop/scripts/canonicalize-sdd-yaml.py", line 671, in parse_mapping
    i = _parse_mapping_entries(lines, i, indent, mapping)
  File "/Users/jrmag/Projects/active/sdd-forge-wt-epic-189/plugins/sdd-quality-loop/scripts/canonicalize-sdd-yaml.py", line 664, in _parse_mapping_entries
    value, i = _resolve_entry_value(lines, i, indent, val_str, line_no)
               ~~~~~~~~~~~~~~~~~~~~^^^^^^^^^^^^^^^^^^^^^^^^^^^^^^^^^^^^
  File "/Users/jrmag/Projects/active/sdd-forge-wt-epic-189/plugins/sdd-quality-loop/scripts/canonicalize-sdd-yaml.py", line 582, in _resolve_entry_value
    return parse_block(lines, i, lines[i].indent)
  File "/Users/jrmag/Projects/active/sdd-forge-wt-epic-189/plugins/sdd-quality-loop/scripts/canonicalize-sdd-yaml.py", line 590, in parse_block
    return parse_mapping(lines, i, indent)
  File "/Users/jrmag/Projects/active/sdd-forge-wt-epic-189/plugins/sdd-quality-loop/scripts/canonicalize-sdd-yaml.py", line 671, in parse_mapping
    i = _parse_mapping_entries(lines, i, indent, mapping)
  File "/Users/jrmag/Projects/active/sdd-forge-wt-epic-189/plugins/sdd-quality-loop/scripts/canonicalize-sdd-yaml.py", line 664, in _parse_mapping_entries
    value, i = _resolve_entry_value(lines, i, indent, val_str, line_no)
               ~~~~~~~~~~~~~~~~~~~~^^^^^^^^^^^^^^^^^^^^^^^^^^^^^^^^^^^^
  File "/Users/jrmag/Projects/active/sdd-forge-wt-epic-189/plugins/sdd-quality-loop/scripts/canonicalize-sdd-yaml.py", line 582, in _resolve_entry_value
    return parse_block(lines, i, lines[i].indent)
  File "/Users/jrmag/Projects/active/sdd-forge-wt-epic-189/plugins/sdd-quality-loop/scripts/canonicalize-sdd-yaml.py", line 590, in parse_block
    return parse_mapping(lines, i, indent)
  File "/Users/jrmag/Projects/active/sdd-forge-wt-epic-189/plugins/sdd-quality-loop/scripts/canonicalize-sdd-yaml.py", line 671, in parse_mapping
    i = _parse_mapping_entries(lines, i, indent, mapping)
  File "/Users/jrmag/Projects/active/sdd-forge-wt-epic-189/plugins/sdd-quality-loop/scripts/canonicalize-sdd-yaml.py", line 664, in _parse_mapping_entries
    value, i = _resolve_entry_value(lines, i, indent, val_str, line_no)
               ~~~~~~~~~~~~~~~~~~~~^^^^^^^^^^^^^^^^^^^^^^^^^^^^^^^^^^^^
  File "/Users/jrmag/Projects/active/sdd-forge-wt-epic-189/plugins/sdd-quality-loop/scripts/canonicalize-sdd-yaml.py", line 582, in _resolve_entry_value
    return parse_block(lines, i, lines[i].indent)
  File "/Users/jrmag/Projects/active/sdd-forge-wt-epic-189/plugins/sdd-quality-loop/scripts/canonicalize-sdd-yaml.py", line 590, in parse_block
    return parse_mapping(lines, i, indent)
  File "/Users/jrmag/Projects/active/sdd-forge-wt-epic-189/plugins/sdd-quality-loop/scripts/canonicalize-sdd-yaml.py", line 671, in parse_mapping
    i = _parse_mapping_entries(lines, i, indent, mapping)
  File "/Users/jrmag/Projects/active/sdd-forge-wt-epic-189/plugins/sdd-quality-loop/scripts/canonicalize-sdd-yaml.py", line 664, in _parse_mapping_entries
    value, i = _resolve_entry_value(lines, i, indent, val_str, line_no)
               ~~~~~~~~~~~~~~~~~~~~^^^^^^^^^^^^^^^^^^^^^^^^^^^^^^^^^^^^
  File "/Users/jrmag/Projects/active/sdd-forge-wt-epic-189/plugins/sdd-quality-loop/scripts/canonicalize-sdd-yaml.py", line 582, in _resolve_entry_value
    return parse_block(lines, i, lines[i].indent)
  File "/Users/jrmag/Projects/active/sdd-forge-wt-epic-189/plugins/sdd-quality-loop/scripts/canonicalize-sdd-yaml.py", line 590, in parse_block
    return parse_mapping(lines, i, indent)
  File "/Users/jrmag/Projects/active/sdd-forge-wt-epic-189/plugins/sdd-quality-loop/scripts/canonicalize-sdd-yaml.py", line 671, in parse_mapping
    i = _parse_mapping_entries(lines, i, indent, mapping)
  File "/Users/jrmag/Projects/active/sdd-forge-wt-epic-189/plugins/sdd-quality-loop/scripts/canonicalize-sdd-yaml.py", line 664, in _parse_mapping_entries
    value, i = _resolve_entry_value(lines, i, indent, val_str, line_no)
               ~~~~~~~~~~~~~~~~~~~~^^^^^^^^^^^^^^^^^^^^^^^^^^^^^^^^^^^^
  File "/Users/jrmag/Projects/active/sdd-forge-wt-epic-189/plugins/sdd-quality-loop/scripts/canonicalize-sdd-yaml.py", line 582, in _resolve_entry_value
    return parse_block(lines, i, lines[i].indent)
  File "/Users/jrmag/Projects/active/sdd-forge-wt-epic-189/plugins/sdd-quality-loop/scripts/canonicalize-sdd-yaml.py", line 590, in parse_block
    return parse_mapping(lines, i, indent)
  File "/Users/jrmag/Projects/active/sdd-forge-wt-epic-189/plugins/sdd-quality-loop/scripts/canonicalize-sdd-yaml.py", line 671, in parse_mapping
    i = _parse_mapping_entries(lines, i, indent, mapping)
  File "/Users/jrmag/Projects/active/sdd-forge-wt-epic-189/plugins/sdd-quality-loop/scripts/canonicalize-sdd-yaml.py", line 664, in _parse_mapping_entries
    value, i = _resolve_entry_value(lines, i, indent, val_str, line_no)
               ~~~~~~~~~~~~~~~~~~~~^^^^^^^^^^^^^^^^^^^^^^^^^^^^^^^^^^^^
  File "/Users/jrmag/Projects/active/sdd-forge-wt-epic-189/plugins/sdd-quality-loop/scripts/canonicalize-sdd-yaml.py", line 582, in _resolve_entry_value
    return parse_block(lines, i, lines[i].indent)
  File "/Users/jrmag/Projects/active/sdd-forge-wt-epic-189/plugins/sdd-quality-loop/scripts/canonicalize-sdd-yaml.py", line 590, in parse_block
    return parse_mapping(lines, i, indent)
  File "/Users/jrmag/Projects/active/sdd-forge-wt-epic-189/plugins/sdd-quality-loop/scripts/canonicalize-sdd-yaml.py", line 671, in parse_mapping
    i = _parse_mapping_entries(lines, i, indent, mapping)
  File "/Users/jrmag/Projects/active/sdd-forge-wt-epic-189/plugins/sdd-quality-loop/scripts/canonicalize-sdd-yaml.py", line 664, in _parse_mapping_entries
    value, i = _resolve_entry_value(lines, i, indent, val_str, line_no)
               ~~~~~~~~~~~~~~~~~~~~^^^^^^^^^^^^^^^^^^^^^^^^^^^^^^^^^^^^
  File "/Users/jrmag/Projects/active/sdd-forge-wt-epic-189/plugins/sdd-quality-loop/scripts/canonicalize-sdd-yaml.py", line 582, in _resolve_entry_value
    return parse_block(lines, i, lines[i].indent)
  File "/Users/jrmag/Projects/active/sdd-forge-wt-epic-189/plugins/sdd-quality-loop/scripts/canonicalize-sdd-yaml.py", line 590, in parse_block
    return parse_mapping(lines, i, indent)
  File "/Users/jrmag/Projects/active/sdd-forge-wt-epic-189/plugins/sdd-quality-loop/scripts/canonicalize-sdd-yaml.py", line 671, in parse_mapping
    i = _parse_mapping_entries(lines, i, indent, mapping)
  File "/Users/jrmag/Projects/active/sdd-forge-wt-epic-189/plugins/sdd-quality-loop/scripts/canonicalize-sdd-yaml.py", line 664, in _parse_mapping_entries
    value, i = _resolve_entry_value(lines, i, indent, val_str, line_no)
               ~~~~~~~~~~~~~~~~~~~~^^^^^^^^^^^^^^^^^^^^^^^^^^^^^^^^^^^^
  File "/Users/jrmag/Projects/active/sdd-forge-wt-epic-189/plugins/sdd-quality-loop/scripts/canonicalize-sdd-yaml.py", line 582, in _resolve_entry_value
    return parse_block(lines, i, lines[i].indent)
  File "/Users/jrmag/Projects/active/sdd-forge-wt-epic-189/plugins/sdd-quality-loop/scripts/canonicalize-sdd-yaml.py", line 590, in parse_block
    return parse_mapping(lines, i, indent)
  File "/Users/jrmag/Projects/active/sdd-forge-wt-epic-189/plugins/sdd-quality-loop/scripts/canonicalize-sdd-yaml.py", line 671, in parse_mapping
    i = _parse_mapping_entries(lines, i, indent, mapping)
  File "/Users/jrmag/Projects/active/sdd-forge-wt-epic-189/plugins/sdd-quality-loop/scripts/canonicalize-sdd-yaml.py", line 664, in _parse_mapping_entries
    value, i = _resolve_entry_value(lines, i, indent, val_str, line_no)
               ~~~~~~~~~~~~~~~~~~~~^^^^^^^^^^^^^^^^^^^^^^^^^^^^^^^^^^^^
  File "/Users/jrmag/Projects/active/sdd-forge-wt-epic-189/plugins/sdd-quality-loop/scripts/canonicalize-sdd-yaml.py", line 582, in _resolve_entry_value
    return parse_block(lines, i, lines[i].indent)
  File "/Users/jrmag/Projects/active/sdd-forge-wt-epic-189/plugins/sdd-quality-loop/scripts/canonicalize-sdd-yaml.py", line 590, in parse_block
    return parse_mapping(lines, i, indent)
  File "/Users/jrmag/Projects/active/sdd-forge-wt-epic-189/plugins/sdd-quality-loop/scripts/canonicalize-sdd-yaml.py", line 671, in parse_mapping
    i = _parse_mapping_entries(lines, i, indent, mapping)
  File "/Users/jrmag/Projects/active/sdd-forge-wt-epic-189/plugins/sdd-quality-loop/scripts/canonicalize-sdd-yaml.py", line 664, in _parse_mapping_entries
    value, i = _resolve_entry_value(lines, i, indent, val_str, line_no)
               ~~~~~~~~~~~~~~~~~~~~^^^^^^^^^^^^^^^^^^^^^^^^^^^^^^^^^^^^
  File "/Users/jrmag/Projects/active/sdd-forge-wt-epic-189/plugins/sdd-quality-loop/scripts/canonicalize-sdd-yaml.py", line 582, in _resolve_entry_value
    return parse_block(lines, i, lines[i].indent)
  File "/Users/jrmag/Projects/active/sdd-forge-wt-epic-189/plugins/sdd-quality-loop/scripts/canonicalize-sdd-yaml.py", line 590, in parse_block
    return parse_mapping(lines, i, indent)
  File "/Users/jrmag/Projects/active/sdd-forge-wt-epic-189/plugins/sdd-quality-loop/scripts/canonicalize-sdd-yaml.py", line 671, in parse_mapping
    i = _parse_mapping_entries(lines, i, indent, mapping)
  File "/Users/jrmag/Projects/active/sdd-forge-wt-epic-189/plugins/sdd-quality-loop/scripts/canonicalize-sdd-yaml.py", line 664, in _parse_mapping_entries
    value, i = _resolve_entry_value(lines, i, indent, val_str, line_no)
               ~~~~~~~~~~~~~~~~~~~~^^^^^^^^^^^^^^^^^^^^^^^^^^^^^^^^^^^^
  File "/Users/jrmag/Projects/active/sdd-forge-wt-epic-189/plugins/sdd-quality-loop/scripts/canonicalize-sdd-yaml.py", line 582, in _resolve_entry_value
    return parse_block(lines, i, lines[i].indent)
  File "/Users/jrmag/Projects/active/sdd-forge-wt-epic-189/plugins/sdd-quality-loop/scripts/canonicalize-sdd-yaml.py", line 590, in parse_block
    return parse_mapping(lines, i, indent)
  File "/Users/jrmag/Projects/active/sdd-forge-wt-epic-189/plugins/sdd-quality-loop/scripts/canonicalize-sdd-yaml.py", line 671, in parse_mapping
    i = _parse_mapping_entries(lines, i, indent, mapping)
  File "/Users/jrmag/Projects/active/sdd-forge-wt-epic-189/plugins/sdd-quality-loop/scripts/canonicalize-sdd-yaml.py", line 664, in _parse_mapping_entries
    value, i = _resolve_entry_value(lines, i, indent, val_str, line_no)
               ~~~~~~~~~~~~~~~~~~~~^^^^^^^^^^^^^^^^^^^^^^^^^^^^^^^^^^^^
  File "/Users/jrmag/Projects/active/sdd-forge-wt-epic-189/plugins/sdd-quality-loop/scripts/canonicalize-sdd-yaml.py", line 582, in _resolve_entry_value
    return parse_block(lines, i, lines[i].indent)
  File "/Users/jrmag/Projects/active/sdd-forge-wt-epic-189/plugins/sdd-quality-loop/scripts/canonicalize-sdd-yaml.py", line 590, in parse_block
    return parse_mapping(lines, i, indent)
  File "/Users/jrmag/Projects/active/sdd-forge-wt-epic-189/plugins/sdd-quality-loop/scripts/canonicalize-sdd-yaml.py", line 671, in parse_mapping
    i = _parse_mapping_entries(lines, i, indent, mapping)
  File "/Users/jrmag/Projects/active/sdd-forge-wt-epic-189/plugins/sdd-quality-loop/scripts/canonicalize-sdd-yaml.py", line 664, in _parse_mapping_entries
    value, i = _resolve_entry_value(lines, i, indent, val_str, line_no)
               ~~~~~~~~~~~~~~~~~~~~^^^^^^^^^^^^^^^^^^^^^^^^^^^^^^^^^^^^
  File "/Users/jrmag/Projects/active/sdd-forge-wt-epic-189/plugins/sdd-quality-loop/scripts/canonicalize-sdd-yaml.py", line 582, in _resolve_entry_value
    return parse_block(lines, i, lines[i].indent)
  File "/Users/jrmag/Projects/active/sdd-forge-wt-epic-189/plugins/sdd-quality-loop/scripts/canonicalize-sdd-yaml.py", line 590, in parse_block
    return parse_mapping(lines, i, indent)
  File "/Users/jrmag/Projects/active/sdd-forge-wt-epic-189/plugins/sdd-quality-loop/scripts/canonicalize-sdd-yaml.py", line 671, in parse_mapping
    i = _parse_mapping_entries(lines, i, indent, mapping)
  File "/Users/jrmag/Projects/active/sdd-forge-wt-epic-189/plugins/sdd-quality-loop/scripts/canonicalize-sdd-yaml.py", line 664, in _parse_mapping_entries
    value, i = _resolve_entry_value(lines, i, indent, val_str, line_no)
               ~~~~~~~~~~~~~~~~~~~~^^^^^^^^^^^^^^^^^^^^^^^^^^^^^^^^^^^^
  File "/Users/jrmag/Projects/active/sdd-forge-wt-epic-189/plugins/sdd-quality-loop/scripts/canonicalize-sdd-yaml.py", line 582, in _resolve_entry_value
    return parse_block(lines, i, lines[i].indent)
  File "/Users/jrmag/Projects/active/sdd-forge-wt-epic-189/plugins/sdd-quality-loop/scripts/canonicalize-sdd-yaml.py", line 590, in parse_block
    return parse_mapping(lines, i, indent)
  File "/Users/jrmag/Projects/active/sdd-forge-wt-epic-189/plugins/sdd-quality-loop/scripts/canonicalize-sdd-yaml.py", line 671, in parse_mapping
    i = _parse_mapping_entries(lines, i, indent, mapping)
  File "/Users/jrmag/Projects/active/sdd-forge-wt-epic-189/plugins/sdd-quality-loop/scripts/canonicalize-sdd-yaml.py", line 664, in _parse_mapping_entries
    value, i = _resolve_entry_value(lines, i, indent, val_str, line_no)
               ~~~~~~~~~~~~~~~~~~~~^^^^^^^^^^^^^^^^^^^^^^^^^^^^^^^^^^^^
  File "/Users/jrmag/Projects/active/sdd-forge-wt-epic-189/plugins/sdd-quality-loop/scripts/canonicalize-sdd-yaml.py", line 582, in _resolve_entry_value
    return parse_block(lines, i, lines[i].indent)
  File "/Users/jrmag/Projects/active/sdd-forge-wt-epic-189/plugins/sdd-quality-loop/scripts/canonicalize-sdd-yaml.py", line 590, in parse_block
    return parse_mapping(lines, i, indent)
  File "/Users/jrmag/Projects/active/sdd-forge-wt-epic-189/plugins/sdd-quality-loop/scripts/canonicalize-sdd-yaml.py", line 671, in parse_mapping
    i = _parse_mapping_entries(lines, i, indent, mapping)
  File "/Users/jrmag/Projects/active/sdd-forge-wt-epic-189/plugins/sdd-quality-loop/scripts/canonicalize-sdd-yaml.py", line 664, in _parse_mapping_entries
    value, i = _resolve_entry_value(lines, i, indent, val_str, line_no)
               ~~~~~~~~~~~~~~~~~~~~^^^^^^^^^^^^^^^^^^^^^^^^^^^^^^^^^^^^
  File "/Users/jrmag/Projects/active/sdd-forge-wt-epic-189/plugins/sdd-quality-loop/scripts/canonicalize-sdd-yaml.py", line 582, in _resolve_entry_value
    return parse_block(lines, i, lines[i].indent)
  File "/Users/jrmag/Projects/active/sdd-forge-wt-epic-189/plugins/sdd-quality-loop/scripts/canonicalize-sdd-yaml.py", line 590, in parse_block
    return parse_mapping(lines, i, indent)
  File "/Users/jrmag/Projects/active/sdd-forge-wt-epic-189/plugins/sdd-quality-loop/scripts/canonicalize-sdd-yaml.py", line 671, in parse_mapping
    i = _parse_mapping_entries(lines, i, indent, mapping)
  File "/Users/jrmag/Projects/active/sdd-forge-wt-epic-189/plugins/sdd-quality-loop/scripts/canonicalize-sdd-yaml.py", line 664, in _parse_mapping_entries
    value, i = _resolve_entry_value(lines, i, indent, val_str, line_no)
               ~~~~~~~~~~~~~~~~~~~~^^^^^^^^^^^^^^^^^^^^^^^^^^^^^^^^^^^^
  File "/Users/jrmag/Projects/active/sdd-forge-wt-epic-189/plugins/sdd-quality-loop/scripts/canonicalize-sdd-yaml.py", line 582, in _resolve_entry_value
    return parse_block(lines, i, lines[i].indent)
  File "/Users/jrmag/Projects/active/sdd-forge-wt-epic-189/plugins/sdd-quality-loop/scripts/canonicalize-sdd-yaml.py", line 590, in parse_block
    return parse_mapping(lines, i, indent)
  File "/Users/jrmag/Projects/active/sdd-forge-wt-epic-189/plugins/sdd-quality-loop/scripts/canonicalize-sdd-yaml.py", line 671, in parse_mapping
    i = _parse_mapping_entries(lines, i, indent, mapping)
  File "/Users/jrmag/Projects/active/sdd-forge-wt-epic-189/plugins/sdd-quality-loop/scripts/canonicalize-sdd-yaml.py", line 664, in _parse_mapping_entries
    value, i = _resolve_entry_value(lines, i, indent, val_str, line_no)
               ~~~~~~~~~~~~~~~~~~~~^^^^^^^^^^^^^^^^^^^^^^^^^^^^^^^^^^^^
  File "/Users/jrmag/Projects/active/sdd-forge-wt-epic-189/plugins/sdd-quality-loop/scripts/canonicalize-sdd-yaml.py", line 582, in _resolve_entry_value
    return parse_block(lines, i, lines[i].indent)
  File "/Users/jrmag/Projects/active/sdd-forge-wt-epic-189/plugins/sdd-quality-loop/scripts/canonicalize-sdd-yaml.py", line 590, in parse_block
    return parse_mapping(lines, i, indent)
  File "/Users/jrmag/Projects/active/sdd-forge-wt-epic-189/plugins/sdd-quality-loop/scripts/canonicalize-sdd-yaml.py", line 671, in parse_mapping
    i = _parse_mapping_entries(lines, i, indent, mapping)
  File "/Users/jrmag/Projects/active/sdd-forge-wt-epic-189/plugins/sdd-quality-loop/scripts/canonicalize-sdd-yaml.py", line 664, in _parse_mapping_entries
    value, i = _resolve_entry_value(lines, i, indent, val_str, line_no)
               ~~~~~~~~~~~~~~~~~~~~^^^^^^^^^^^^^^^^^^^^^^^^^^^^^^^^^^^^
  File "/Users/jrmag/Projects/active/sdd-forge-wt-epic-189/plugins/sdd-quality-loop/scripts/canonicalize-sdd-yaml.py", line 582, in _resolve_entry_value
    return parse_block(lines, i, lines[i].indent)
  File "/Users/jrmag/Projects/active/sdd-forge-wt-epic-189/plugins/sdd-quality-loop/scripts/canonicalize-sdd-yaml.py", line 590, in parse_block
    return parse_mapping(lines, i, indent)
  File "/Users/jrmag/Projects/active/sdd-forge-wt-epic-189/plugins/sdd-quality-loop/scripts/canonicalize-sdd-yaml.py", line 671, in parse_mapping
    i = _parse_mapping_entries(lines, i, indent, mapping)
  File "/Users/jrmag/Projects/active/sdd-forge-wt-epic-189/plugins/sdd-quality-loop/scripts/canonicalize-sdd-yaml.py", line 664, in _parse_mapping_entries
    value, i = _resolve_entry_value(lines, i, indent, val_str, line_no)
               ~~~~~~~~~~~~~~~~~~~~^^^^^^^^^^^^^^^^^^^^^^^^^^^^^^^^^^^^
  File "/Users/jrmag/Projects/active/sdd-forge-wt-epic-189/plugins/sdd-quality-loop/scripts/canonicalize-sdd-yaml.py", line 582, in _resolve_entry_value
    return parse_block(lines, i, lines[i].indent)
  File "/Users/jrmag/Projects/active/sdd-forge-wt-epic-189/plugins/sdd-quality-loop/scripts/canonicalize-sdd-yaml.py", line 590, in parse_block
    return parse_mapping(lines, i, indent)
  File "/Users/jrmag/Projects/active/sdd-forge-wt-epic-189/plugins/sdd-quality-loop/scripts/canonicalize-sdd-yaml.py", line 671, in parse_mapping
    i = _parse_mapping_entries(lines, i, indent, mapping)
  File "/Users/jrmag/Projects/active/sdd-forge-wt-epic-189/plugins/sdd-quality-loop/scripts/canonicalize-sdd-yaml.py", line 664, in _parse_mapping_entries
    value, i = _resolve_entry_value(lines, i, indent, val_str, line_no)
               ~~~~~~~~~~~~~~~~~~~~^^^^^^^^^^^^^^^^^^^^^^^^^^^^^^^^^^^^
  File "/Users/jrmag/Projects/active/sdd-forge-wt-epic-189/plugins/sdd-quality-loop/scripts/canonicalize-sdd-yaml.py", line 582, in _resolve_entry_value
    return parse_block(lines, i, lines[i].indent)
  File "/Users/jrmag/Projects/active/sdd-forge-wt-epic-189/plugins/sdd-quality-loop/scripts/canonicalize-sdd-yaml.py", line 590, in parse_block
    return parse_mapping(lines, i, indent)
  File "/Users/jrmag/Projects/active/sdd-forge-wt-epic-189/plugins/sdd-quality-loop/scripts/canonicalize-sdd-yaml.py", line 671, in parse_mapping
    i = _parse_mapping_entries(lines, i, indent, mapping)
  File "/Users/jrmag/Projects/active/sdd-forge-wt-epic-189/plugins/sdd-quality-loop/scripts/canonicalize-sdd-yaml.py", line 664, in _parse_mapping_entries
    value, i = _resolve_entry_value(lines, i, indent, val_str, line_no)
               ~~~~~~~~~~~~~~~~~~~~^^^^^^^^^^^^^^^^^^^^^^^^^^^^^^^^^^^^
  File "/Users/jrmag/Projects/active/sdd-forge-wt-epic-189/plugins/sdd-quality-loop/scripts/canonicalize-sdd-yaml.py", line 582, in _resolve_entry_value
    return parse_block(lines, i, lines[i].indent)
  File "/Users/jrmag/Projects/active/sdd-forge-wt-epic-189/plugins/sdd-quality-loop/scripts/canonicalize-sdd-yaml.py", line 590, in parse_block
    return parse_mapping(lines, i, indent)
  File "/Users/jrmag/Projects/active/sdd-forge-wt-epic-189/plugins/sdd-quality-loop/scripts/canonicalize-sdd-yaml.py", line 671, in parse_mapping
    i = _parse_mapping_entries(lines, i, indent, mapping)
  File "/Users/jrmag/Projects/active/sdd-forge-wt-epic-189/plugins/sdd-quality-loop/scripts/canonicalize-sdd-yaml.py", line 664, in _parse_mapping_entries
    value, i = _resolve_entry_value(lines, i, indent, val_str, line_no)
               ~~~~~~~~~~~~~~~~~~~~^^^^^^^^^^^^^^^^^^^^^^^^^^^^^^^^^^^^
  File "/Users/jrmag/Projects/active/sdd-forge-wt-epic-189/plugins/sdd-quality-loop/scripts/canonicalize-sdd-yaml.py", line 582, in _resolve_entry_value
    return parse_block(lines, i, lines[i].indent)
  File "/Users/jrmag/Projects/active/sdd-forge-wt-epic-189/plugins/sdd-quality-loop/scripts/canonicalize-sdd-yaml.py", line 590, in parse_block
    return parse_mapping(lines, i, indent)
  File "/Users/jrmag/Projects/active/sdd-forge-wt-epic-189/plugins/sdd-quality-loop/scripts/canonicalize-sdd-yaml.py", line 671, in parse_mapping
    i = _parse_mapping_entries(lines, i, indent, mapping)
  File "/Users/jrmag/Projects/active/sdd-forge-wt-epic-189/plugins/sdd-quality-loop/scripts/canonicalize-sdd-yaml.py", line 664, in _parse_mapping_entries
    value, i = _resolve_entry_value(lines, i, indent, val_str, line_no)
               ~~~~~~~~~~~~~~~~~~~~^^^^^^^^^^^^^^^^^^^^^^^^^^^^^^^^^^^^
  File "/Users/jrmag/Projects/active/sdd-forge-wt-epic-189/plugins/sdd-quality-loop/scripts/canonicalize-sdd-yaml.py", line 582, in _resolve_entry_value
    return parse_block(lines, i, lines[i].indent)
  File "/Users/jrmag/Projects/active/sdd-forge-wt-epic-189/plugins/sdd-quality-loop/scripts/canonicalize-sdd-yaml.py", line 590, in parse_block
    return parse_mapping(lines, i, indent)
  File "/Users/jrmag/Projects/active/sdd-forge-wt-epic-189/plugins/sdd-quality-loop/scripts/canonicalize-sdd-yaml.py", line 671, in parse_mapping
    i = _parse_mapping_entries(lines, i, indent, mapping)
  File "/Users/jrmag/Projects/active/sdd-forge-wt-epic-189/plugins/sdd-quality-loop/scripts/canonicalize-sdd-yaml.py", line 664, in _parse_mapping_entries
    value, i = _resolve_entry_value(lines, i, indent, val_str, line_no)
               ~~~~~~~~~~~~~~~~~~~~^^^^^^^^^^^^^^^^^^^^^^^^^^^^^^^^^^^^
  File "/Users/jrmag/Projects/active/sdd-forge-wt-epic-189/plugins/sdd-quality-loop/scripts/canonicalize-sdd-yaml.py", line 582, in _resolve_entry_value
    return parse_block(lines, i, lines[i].indent)
  File "/Users/jrmag/Projects/active/sdd-forge-wt-epic-189/plugins/sdd-quality-loop/scripts/canonicalize-sdd-yaml.py", line 590, in parse_block
    return parse_mapping(lines, i, indent)
  File "/Users/jrmag/Projects/active/sdd-forge-wt-epic-189/plugins/sdd-quality-loop/scripts/canonicalize-sdd-yaml.py", line 671, in parse_mapping
    i = _parse_mapping_entries(lines, i, indent, mapping)
  File "/Users/jrmag/Projects/active/sdd-forge-wt-epic-189/plugins/sdd-quality-loop/scripts/canonicalize-sdd-yaml.py", line 664, in _parse_mapping_entries
    value, i = _resolve_entry_value(lines, i, indent, val_str, line_no)
               ~~~~~~~~~~~~~~~~~~~~^^^^^^^^^^^^^^^^^^^^^^^^^^^^^^^^^^^^
  File "/Users/jrmag/Projects/active/sdd-forge-wt-epic-189/plugins/sdd-quality-loop/scripts/canonicalize-sdd-yaml.py", line 582, in _resolve_entry_value
    return parse_block(lines, i, lines[i].indent)
  File "/Users/jrmag/Projects/active/sdd-forge-wt-epic-189/plugins/sdd-quality-loop/scripts/canonicalize-sdd-yaml.py", line 590, in parse_block
    return parse_mapping(lines, i, indent)
  File "/Users/jrmag/Projects/active/sdd-forge-wt-epic-189/plugins/sdd-quality-loop/scripts/canonicalize-sdd-yaml.py", line 671, in parse_mapping
    i = _parse_mapping_entries(lines, i, indent, mapping)
  File "/Users/jrmag/Projects/active/sdd-forge-wt-epic-189/plugins/sdd-quality-loop/scripts/canonicalize-sdd-yaml.py", line 664, in _parse_mapping_entries
    value, i = _resolve_entry_value(lines, i, indent, val_str, line_no)
               ~~~~~~~~~~~~~~~~~~~~^^^^^^^^^^^^^^^^^^^^^^^^^^^^^^^^^^^^
  File "/Users/jrmag/Projects/active/sdd-forge-wt-epic-189/plugins/sdd-quality-loop/scripts/canonicalize-sdd-yaml.py", line 582, in _resolve_entry_value
    return parse_block(lines, i, lines[i].indent)
  File "/Users/jrmag/Projects/active/sdd-forge-wt-epic-189/plugins/sdd-quality-loop/scripts/canonicalize-sdd-yaml.py", line 590, in parse_block
    return parse_mapping(lines, i, indent)
  File "/Users/jrmag/Projects/active/sdd-forge-wt-epic-189/plugins/sdd-quality-loop/scripts/canonicalize-sdd-yaml.py", line 671, in parse_mapping
    i = _parse_mapping_entries(lines, i, indent, mapping)
  File "/Users/jrmag/Projects/active/sdd-forge-wt-epic-189/plugins/sdd-quality-loop/scripts/canonicalize-sdd-yaml.py", line 664, in _parse_mapping_entries
    value, i = _resolve_entry_value(lines, i, indent, val_str, line_no)
               ~~~~~~~~~~~~~~~~~~~~^^^^^^^^^^^^^^^^^^^^^^^^^^^^^^^^^^^^
  File "/Users/jrmag/Projects/active/sdd-forge-wt-epic-189/plugins/sdd-quality-loop/scripts/canonicalize-sdd-yaml.py", line 582, in _resolve_entry_value
    return parse_block(lines, i, lines[i].indent)
  File "/Users/jrmag/Projects/active/sdd-forge-wt-epic-189/plugins/sdd-quality-loop/scripts/canonicalize-sdd-yaml.py", line 590, in parse_block
    return parse_mapping(lines, i, indent)
  File "/Users/jrmag/Projects/active/sdd-forge-wt-epic-189/plugins/sdd-quality-loop/scripts/canonicalize-sdd-yaml.py", line 671, in parse_mapping
    i = _parse_mapping_entries(lines, i, indent, mapping)
  File "/Users/jrmag/Projects/active/sdd-forge-wt-epic-189/plugins/sdd-quality-loop/scripts/canonicalize-sdd-yaml.py", line 664, in _parse_mapping_entries
    value, i = _resolve_entry_value(lines, i, indent, val_str, line_no)
               ~~~~~~~~~~~~~~~~~~~~^^^^^^^^^^^^^^^^^^^^^^^^^^^^^^^^^^^^
  File "/Users/jrmag/Projects/active/sdd-forge-wt-epic-189/plugins/sdd-quality-loop/scripts/canonicalize-sdd-yaml.py", line 582, in _resolve_entry_value
    return parse_block(lines, i, lines[i].indent)
  File "/Users/jrmag/Projects/active/sdd-forge-wt-epic-189/plugins/sdd-quality-loop/scripts/canonicalize-sdd-yaml.py", line 590, in parse_block
    return parse_mapping(lines, i, indent)
  File "/Users/jrmag/Projects/active/sdd-forge-wt-epic-189/plugins/sdd-quality-loop/scripts/canonicalize-sdd-yaml.py", line 671, in parse_mapping
    i = _parse_mapping_entries(lines, i, indent, mapping)
  File "/Users/jrmag/Projects/active/sdd-forge-wt-epic-189/plugins/sdd-quality-loop/scripts/canonicalize-sdd-yaml.py", line 664, in _parse_mapping_entries
    value, i = _resolve_entry_value(lines, i, indent, val_str, line_no)
               ~~~~~~~~~~~~~~~~~~~~^^^^^^^^^^^^^^^^^^^^^^^^^^^^^^^^^^^^
  File "/Users/jrmag/Projects/active/sdd-forge-wt-epic-189/plugins/sdd-quality-loop/scripts/canonicalize-sdd-yaml.py", line 582, in _resolve_entry_value
    return parse_block(lines, i, lines[i].indent)
  File "/Users/jrmag/Projects/active/sdd-forge-wt-epic-189/plugins/sdd-quality-loop/scripts/canonicalize-sdd-yaml.py", line 590, in parse_block
    return parse_mapping(lines, i, indent)
  File "/Users/jrmag/Projects/active/sdd-forge-wt-epic-189/plugins/sdd-quality-loop/scripts/canonicalize-sdd-yaml.py", line 671, in parse_mapping
    i = _parse_mapping_entries(lines, i, indent, mapping)
  File "/Users/jrmag/Projects/active/sdd-forge-wt-epic-189/plugins/sdd-quality-loop/scripts/canonicalize-sdd-yaml.py", line 664, in _parse_mapping_entries
    value, i = _resolve_entry_value(lines, i, indent, val_str, line_no)
               ~~~~~~~~~~~~~~~~~~~~^^^^^^^^^^^^^^^^^^^^^^^^^^^^^^^^^^^^
  File "/Users/jrmag/Projects/active/sdd-forge-wt-epic-189/plugins/sdd-quality-loop/scripts/canonicalize-sdd-yaml.py", line 582, in _resolve_entry_value
    return parse_block(lines, i, lines[i].indent)
  File "/Users/jrmag/Projects/active/sdd-forge-wt-epic-189/plugins/sdd-quality-loop/scripts/canonicalize-sdd-yaml.py", line 590, in parse_block
    return parse_mapping(lines, i, indent)
  File "/Users/jrmag/Projects/active/sdd-forge-wt-epic-189/plugins/sdd-quality-loop/scripts/canonicalize-sdd-yaml.py", line 671, in parse_mapping
    i = _parse_mapping_entries(lines, i, indent, mapping)
  File "/Users/jrmag/Projects/active/sdd-forge-wt-epic-189/plugins/sdd-quality-loop/scripts/canonicalize-sdd-yaml.py", line 664, in _parse_mapping_entries
    value, i = _resolve_entry_value(lines, i, indent, val_str, line_no)
               ~~~~~~~~~~~~~~~~~~~~^^^^^^^^^^^^^^^^^^^^^^^^^^^^^^^^^^^^
  File "/Users/jrmag/Projects/active/sdd-forge-wt-epic-189/plugins/sdd-quality-loop/scripts/canonicalize-sdd-yaml.py", line 582, in _resolve_entry_value
    return parse_block(lines, i, lines[i].indent)
  File "/Users/jrmag/Projects/active/sdd-forge-wt-epic-189/plugins/sdd-quality-loop/scripts/canonicalize-sdd-yaml.py", line 590, in parse_block
    return parse_mapping(lines, i, indent)
  File "/Users/jrmag/Projects/active/sdd-forge-wt-epic-189/plugins/sdd-quality-loop/scripts/canonicalize-sdd-yaml.py", line 671, in parse_mapping
    i = _parse_mapping_entries(lines, i, indent, mapping)
  File "/Users/jrmag/Projects/active/sdd-forge-wt-epic-189/plugins/sdd-quality-loop/scripts/canonicalize-sdd-yaml.py", line 664, in _parse_mapping_entries
    value, i = _resolve_entry_value(lines, i, indent, val_str, line_no)
               ~~~~~~~~~~~~~~~~~~~~^^^^^^^^^^^^^^^^^^^^^^^^^^^^^^^^^^^^
  File "/Users/jrmag/Projects/active/sdd-forge-wt-epic-189/plugins/sdd-quality-loop/scripts/canonicalize-sdd-yaml.py", line 582, in _resolve_entry_value
    return parse_block(lines, i, lines[i].indent)
  File "/Users/jrmag/Projects/active/sdd-forge-wt-epic-189/plugins/sdd-quality-loop/scripts/canonicalize-sdd-yaml.py", line 590, in parse_block
    return parse_mapping(lines, i, indent)
  File "/Users/jrmag/Projects/active/sdd-forge-wt-epic-189/plugins/sdd-quality-loop/scripts/canonicalize-sdd-yaml.py", line 671, in parse_mapping
    i = _parse_mapping_entries(lines, i, indent, mapping)
  File "/Users/jrmag/Projects/active/sdd-forge-wt-epic-189/plugins/sdd-quality-loop/scripts/canonicalize-sdd-yaml.py", line 664, in _parse_mapping_entries
    value, i = _resolve_entry_value(lines, i, indent, val_str, line_no)
               ~~~~~~~~~~~~~~~~~~~~^^^^^^^^^^^^^^^^^^^^^^^^^^^^^^^^^^^^
  File "/Users/jrmag/Projects/active/sdd-forge-wt-epic-189/plugins/sdd-quality-loop/scripts/canonicalize-sdd-yaml.py", line 582, in _resolve_entry_value
    return parse_block(lines, i, lines[i].indent)
  File "/Users/jrmag/Projects/active/sdd-forge-wt-epic-189/plugins/sdd-quality-loop/scripts/canonicalize-sdd-yaml.py", line 590, in parse_block
    return parse_mapping(lines, i, indent)
  File "/Users/jrmag/Projects/active/sdd-forge-wt-epic-189/plugins/sdd-quality-loop/scripts/canonicalize-sdd-yaml.py", line 671, in parse_mapping
    i = _parse_mapping_entries(lines, i, indent, mapping)
  File "/Users/jrmag/Projects/active/sdd-forge-wt-epic-189/plugins/sdd-quality-loop/scripts/canonicalize-sdd-yaml.py", line 664, in _parse_mapping_entries
    value, i = _resolve_entry_value(lines, i, indent, val_str, line_no)
               ~~~~~~~~~~~~~~~~~~~~^^^^^^^^^^^^^^^^^^^^^^^^^^^^^^^^^^^^
  File "/Users/jrmag/Projects/active/sdd-forge-wt-epic-189/plugins/sdd-quality-loop/scripts/canonicalize-sdd-yaml.py", line 582, in _resolve_entry_value
    return parse_block(lines, i, lines[i].indent)
  File "/Users/jrmag/Projects/active/sdd-forge-wt-epic-189/plugins/sdd-quality-loop/scripts/canonicalize-sdd-yaml.py", line 590, in parse_block
    return parse_mapping(lines, i, indent)
  File "/Users/jrmag/Projects/active/sdd-forge-wt-epic-189/plugins/sdd-quality-loop/scripts/canonicalize-sdd-yaml.py", line 671, in parse_mapping
    i = _parse_mapping_entries(lines, i, indent, mapping)
  File "/Users/jrmag/Projects/active/sdd-forge-wt-epic-189/plugins/sdd-quality-loop/scripts/canonicalize-sdd-yaml.py", line 664, in _parse_mapping_entries
    value, i = _resolve_entry_value(lines, i, indent, val_str, line_no)
               ~~~~~~~~~~~~~~~~~~~~^^^^^^^^^^^^^^^^^^^^^^^^^^^^^^^^^^^^
  File "/Users/jrmag/Projects/active/sdd-forge-wt-epic-189/plugins/sdd-quality-loop/scripts/canonicalize-sdd-yaml.py", line 582, in _resolve_entry_value
    return parse_block(lines, i, lines[i].indent)
  File "/Users/jrmag/Projects/active/sdd-forge-wt-epic-189/plugins/sdd-quality-loop/scripts/canonicalize-sdd-yaml.py", line 590, in parse_block
    return parse_mapping(lines, i, indent)
  File "/Users/jrmag/Projects/active/sdd-forge-wt-epic-189/plugins/sdd-quality-loop/scripts/canonicalize-sdd-yaml.py", line 671, in parse_mapping
    i = _parse_mapping_entries(lines, i, indent, mapping)
  File "/Users/jrmag/Projects/active/sdd-forge-wt-epic-189/plugins/sdd-quality-loop/scripts/canonicalize-sdd-yaml.py", line 664, in _parse_mapping_entries
    value, i = _resolve_entry_value(lines, i, indent, val_str, line_no)
               ~~~~~~~~~~~~~~~~~~~~^^^^^^^^^^^^^^^^^^^^^^^^^^^^^^^^^^^^
  File "/Users/jrmag/Projects/active/sdd-forge-wt-epic-189/plugins/sdd-quality-loop/scripts/canonicalize-sdd-yaml.py", line 582, in _resolve_entry_value
    return parse_block(lines, i, lines[i].indent)
  File "/Users/jrmag/Projects/active/sdd-forge-wt-epic-189/plugins/sdd-quality-loop/scripts/canonicalize-sdd-yaml.py", line 590, in parse_block
    return parse_mapping(lines, i, indent)
  File "/Users/jrmag/Projects/active/sdd-forge-wt-epic-189/plugins/sdd-quality-loop/scripts/canonicalize-sdd-yaml.py", line 671, in parse_mapping
    i = _parse_mapping_entries(lines, i, indent, mapping)
  File "/Users/jrmag/Projects/active/sdd-forge-wt-epic-189/plugins/sdd-quality-loop/scripts/canonicalize-sdd-yaml.py", line 664, in _parse_mapping_entries
    value, i = _resolve_entry_value(lines, i, indent, val_str, line_no)
               ~~~~~~~~~~~~~~~~~~~~^^^^^^^^^^^^^^^^^^^^^^^^^^^^^^^^^^^^
  File "/Users/jrmag/Projects/active/sdd-forge-wt-epic-189/plugins/sdd-quality-loop/scripts/canonicalize-sdd-yaml.py", line 582, in _resolve_entry_value
    return parse_block(lines, i, lines[i].indent)
  File "/Users/jrmag/Projects/active/sdd-forge-wt-epic-189/plugins/sdd-quality-loop/scripts/canonicalize-sdd-yaml.py", line 590, in parse_block
    return parse_mapping(lines, i, indent)
  File "/Users/jrmag/Projects/active/sdd-forge-wt-epic-189/plugins/sdd-quality-loop/scripts/canonicalize-sdd-yaml.py", line 671, in parse_mapping
    i = _parse_mapping_entries(lines, i, indent, mapping)
  File "/Users/jrmag/Projects/active/sdd-forge-wt-epic-189/plugins/sdd-quality-loop/scripts/canonicalize-sdd-yaml.py", line 664, in _parse_mapping_entries
    value, i = _resolve_entry_value(lines, i, indent, val_str, line_no)
               ~~~~~~~~~~~~~~~~~~~~^^^^^^^^^^^^^^^^^^^^^^^^^^^^^^^^^^^^
  File "/Users/jrmag/Projects/active/sdd-forge-wt-epic-189/plugins/sdd-quality-loop/scripts/canonicalize-sdd-yaml.py", line 582, in _resolve_entry_value
    return parse_block(lines, i, lines[i].indent)
  File "/Users/jrmag/Projects/active/sdd-forge-wt-epic-189/plugins/sdd-quality-loop/scripts/canonicalize-sdd-yaml.py", line 590, in parse_block
    return parse_mapping(lines, i, indent)
  File "/Users/jrmag/Projects/active/sdd-forge-wt-epic-189/plugins/sdd-quality-loop/scripts/canonicalize-sdd-yaml.py", line 671, in parse_mapping
    i = _parse_mapping_entries(lines, i, indent, mapping)
  File "/Users/jrmag/Projects/active/sdd-forge-wt-epic-189/plugins/sdd-quality-loop/scripts/canonicalize-sdd-yaml.py", line 664, in _parse_mapping_entries
    value, i = _resolve_entry_value(lines, i, indent, val_str, line_no)
               ~~~~~~~~~~~~~~~~~~~~^^^^^^^^^^^^^^^^^^^^^^^^^^^^^^^^^^^^
  File "/Users/jrmag/Projects/active/sdd-forge-wt-epic-189/plugins/sdd-quality-loop/scripts/canonicalize-sdd-yaml.py", line 582, in _resolve_entry_value
    return parse_block(lines, i, lines[i].indent)
  File "/Users/jrmag/Projects/active/sdd-forge-wt-epic-189/plugins/sdd-quality-loop/scripts/canonicalize-sdd-yaml.py", line 590, in parse_block
    return parse_mapping(lines, i, indent)
  File "/Users/jrmag/Projects/active/sdd-forge-wt-epic-189/plugins/sdd-quality-loop/scripts/canonicalize-sdd-yaml.py", line 671, in parse_mapping
    i = _parse_mapping_entries(lines, i, indent, mapping)
  File "/Users/jrmag/Projects/active/sdd-forge-wt-epic-189/plugins/sdd-quality-loop/scripts/canonicalize-sdd-yaml.py", line 664, in _parse_mapping_entries
    value, i = _resolve_entry_value(lines, i, indent, val_str, line_no)
               ~~~~~~~~~~~~~~~~~~~~^^^^^^^^^^^^^^^^^^^^^^^^^^^^^^^^^^^^
  File "/Users/jrmag/Projects/active/sdd-forge-wt-epic-189/plugins/sdd-quality-loop/scripts/canonicalize-sdd-yaml.py", line 582, in _resolve_entry_value
    return parse_block(lines, i, lines[i].indent)
  File "/Users/jrmag/Projects/active/sdd-forge-wt-epic-189/plugins/sdd-quality-loop/scripts/canonicalize-sdd-yaml.py", line 590, in parse_block
    return parse_mapping(lines, i, indent)
  File "/Users/jrmag/Projects/active/sdd-forge-wt-epic-189/plugins/sdd-quality-loop/scripts/canonicalize-sdd-yaml.py", line 671, in parse_mapping
    i = _parse_mapping_entries(lines, i, indent, mapping)
  File "/Users/jrmag/Projects/active/sdd-forge-wt-epic-189/plugins/sdd-quality-loop/scripts/canonicalize-sdd-yaml.py", line 664, in _parse_mapping_entries
    value, i = _resolve_entry_value(lines, i, indent, val_str, line_no)
               ~~~~~~~~~~~~~~~~~~~~^^^^^^^^^^^^^^^^^^^^^^^^^^^^^^^^^^^^
  File "/Users/jrmag/Projects/active/sdd-forge-wt-epic-189/plugins/sdd-quality-loop/scripts/canonicalize-sdd-yaml.py", line 582, in _resolve_entry_value
    return parse_block(lines, i, lines[i].indent)
  File "/Users/jrmag/Projects/active/sdd-forge-wt-epic-189/plugins/sdd-quality-loop/scripts/canonicalize-sdd-yaml.py", line 590, in parse_block
    return parse_mapping(lines, i, indent)
  File "/Users/jrmag/Projects/active/sdd-forge-wt-epic-189/plugins/sdd-quality-loop/scripts/canonicalize-sdd-yaml.py", line 671, in parse_mapping
    i = _parse_mapping_entries(lines, i, indent, mapping)
  File "/Users/jrmag/Projects/active/sdd-forge-wt-epic-189/plugins/sdd-quality-loop/scripts/canonicalize-sdd-yaml.py", line 664, in _parse_mapping_entries
    value, i = _resolve_entry_value(lines, i, indent, val_str, line_no)
               ~~~~~~~~~~~~~~~~~~~~^^^^^^^^^^^^^^^^^^^^^^^^^^^^^^^^^^^^
  File "/Users/jrmag/Projects/active/sdd-forge-wt-epic-189/plugins/sdd-quality-loop/scripts/canonicalize-sdd-yaml.py", line 582, in _resolve_entry_value
    return parse_block(lines, i, lines[i].indent)
  File "/Users/jrmag/Projects/active/sdd-forge-wt-epic-189/plugins/sdd-quality-loop/scripts/canonicalize-sdd-yaml.py", line 590, in parse_block
    return parse_mapping(lines, i, indent)
  File "/Users/jrmag/Projects/active/sdd-forge-wt-epic-189/plugins/sdd-quality-loop/scripts/canonicalize-sdd-yaml.py", line 671, in parse_mapping
    i = _parse_mapping_entries(lines, i, indent, mapping)
  File "/Users/jrmag/Projects/active/sdd-forge-wt-epic-189/plugins/sdd-quality-loop/scripts/canonicalize-sdd-yaml.py", line 664, in _parse_mapping_entries
    value, i = _resolve_entry_value(lines, i, indent, val_str, line_no)
               ~~~~~~~~~~~~~~~~~~~~^^^^^^^^^^^^^^^^^^^^^^^^^^^^^^^^^^^^
  File "/Users/jrmag/Projects/active/sdd-forge-wt-epic-189/plugins/sdd-quality-loop/scripts/canonicalize-sdd-yaml.py", line 582, in _resolve_entry_value
    return parse_block(lines, i, lines[i].indent)
  File "/Users/jrmag/Projects/active/sdd-forge-wt-epic-189/plugins/sdd-quality-loop/scripts/canonicalize-sdd-yaml.py", line 590, in parse_block
    return parse_mapping(lines, i, indent)
  File "/Users/jrmag/Projects/active/sdd-forge-wt-epic-189/plugins/sdd-quality-loop/scripts/canonicalize-sdd-yaml.py", line 671, in parse_mapping
    i = _parse_mapping_entries(lines, i, indent, mapping)
  File "/Users/jrmag/Projects/active/sdd-forge-wt-epic-189/plugins/sdd-quality-loop/scripts/canonicalize-sdd-yaml.py", line 664, in _parse_mapping_entries
    value, i = _resolve_entry_value(lines, i, indent, val_str, line_no)
               ~~~~~~~~~~~~~~~~~~~~^^^^^^^^^^^^^^^^^^^^^^^^^^^^^^^^^^^^
  File "/Users/jrmag/Projects/active/sdd-forge-wt-epic-189/plugins/sdd-quality-loop/scripts/canonicalize-sdd-yaml.py", line 582, in _resolve_entry_value
    return parse_block(lines, i, lines[i].indent)
  File "/Users/jrmag/Projects/active/sdd-forge-wt-epic-189/plugins/sdd-quality-loop/scripts/canonicalize-sdd-yaml.py", line 590, in parse_block
    return parse_mapping(lines, i, indent)
  File "/Users/jrmag/Projects/active/sdd-forge-wt-epic-189/plugins/sdd-quality-loop/scripts/canonicalize-sdd-yaml.py", line 671, in parse_mapping
    i = _parse_mapping_entries(lines, i, indent, mapping)
  File "/Users/jrmag/Projects/active/sdd-forge-wt-epic-189/plugins/sdd-quality-loop/scripts/canonicalize-sdd-yaml.py", line 664, in _parse_mapping_entries
    value, i = _resolve_entry_value(lines, i, indent, val_str, line_no)
               ~~~~~~~~~~~~~~~~~~~~^^^^^^^^^^^^^^^^^^^^^^^^^^^^^^^^^^^^
  File "/Users/jrmag/Projects/active/sdd-forge-wt-epic-189/plugins/sdd-quality-loop/scripts/canonicalize-sdd-yaml.py", line 582, in _resolve_entry_value
    return parse_block(lines, i, lines[i].indent)
  File "/Users/jrmag/Projects/active/sdd-forge-wt-epic-189/plugins/sdd-quality-loop/scripts/canonicalize-sdd-yaml.py", line 590, in parse_block
    return parse_mapping(lines, i, indent)
  File "/Users/jrmag/Projects/active/sdd-forge-wt-epic-189/plugins/sdd-quality-loop/scripts/canonicalize-sdd-yaml.py", line 671, in parse_mapping
    i = _parse_mapping_entries(lines, i, indent, mapping)
  File "/Users/jrmag/Projects/active/sdd-forge-wt-epic-189/plugins/sdd-quality-loop/scripts/canonicalize-sdd-yaml.py", line 664, in _parse_mapping_entries
    value, i = _resolve_entry_value(lines, i, indent, val_str, line_no)
               ~~~~~~~~~~~~~~~~~~~~^^^^^^^^^^^^^^^^^^^^^^^^^^^^^^^^^^^^
  File "/Users/jrmag/Projects/active/sdd-forge-wt-epic-189/plugins/sdd-quality-loop/scripts/canonicalize-sdd-yaml.py", line 582, in _resolve_entry_value
    return parse_block(lines, i, lines[i].indent)
  File "/Users/jrmag/Projects/active/sdd-forge-wt-epic-189/plugins/sdd-quality-loop/scripts/canonicalize-sdd-yaml.py", line 590, in parse_block
    return parse_mapping(lines, i, indent)
  File "/Users/jrmag/Projects/active/sdd-forge-wt-epic-189/plugins/sdd-quality-loop/scripts/canonicalize-sdd-yaml.py", line 671, in parse_mapping
    i = _parse_mapping_entries(lines, i, indent, mapping)
  File "/Users/jrmag/Projects/active/sdd-forge-wt-epic-189/plugins/sdd-quality-loop/scripts/canonicalize-sdd-yaml.py", line 664, in _parse_mapping_entries
    value, i = _resolve_entry_value(lines, i, indent, val_str, line_no)
               ~~~~~~~~~~~~~~~~~~~~^^^^^^^^^^^^^^^^^^^^^^^^^^^^^^^^^^^^
  File "/Users/jrmag/Projects/active/sdd-forge-wt-epic-189/plugins/sdd-quality-loop/scripts/canonicalize-sdd-yaml.py", line 582, in _resolve_entry_value
    return parse_block(lines, i, lines[i].indent)
  File "/Users/jrmag/Projects/active/sdd-forge-wt-epic-189/plugins/sdd-quality-loop/scripts/canonicalize-sdd-yaml.py", line 590, in parse_block
    return parse_mapping(lines, i, indent)
  File "/Users/jrmag/Projects/active/sdd-forge-wt-epic-189/plugins/sdd-quality-loop/scripts/canonicalize-sdd-yaml.py", line 671, in parse_mapping
    i = _parse_mapping_entries(lines, i, indent, mapping)
  File "/Users/jrmag/Projects/active/sdd-forge-wt-epic-189/plugins/sdd-quality-loop/scripts/canonicalize-sdd-yaml.py", line 664, in _parse_mapping_entries
    value, i = _resolve_entry_value(lines, i, indent, val_str, line_no)
               ~~~~~~~~~~~~~~~~~~~~^^^^^^^^^^^^^^^^^^^^^^^^^^^^^^^^^^^^
  File "/Users/jrmag/Projects/active/sdd-forge-wt-epic-189/plugins/sdd-quality-loop/scripts/canonicalize-sdd-yaml.py", line 582, in _resolve_entry_value
    return parse_block(lines, i, lines[i].indent)
  File "/Users/jrmag/Projects/active/sdd-forge-wt-epic-189/plugins/sdd-quality-loop/scripts/canonicalize-sdd-yaml.py", line 590, in parse_block
    return parse_mapping(lines, i, indent)
  File "/Users/jrmag/Projects/active/sdd-forge-wt-epic-189/plugins/sdd-quality-loop/scripts/canonicalize-sdd-yaml.py", line 671, in parse_mapping
    i = _parse_mapping_entries(lines, i, indent, mapping)
  File "/Users/jrmag/Projects/active/sdd-forge-wt-epic-189/plugins/sdd-quality-loop/scripts/canonicalize-sdd-yaml.py", line 664, in _parse_mapping_entries
    value, i = _resolve_entry_value(lines, i, indent, val_str, line_no)
               ~~~~~~~~~~~~~~~~~~~~^^^^^^^^^^^^^^^^^^^^^^^^^^^^^^^^^^^^
  File "/Users/jrmag/Projects/active/sdd-forge-wt-epic-189/plugins/sdd-quality-loop/scripts/canonicalize-sdd-yaml.py", line 582, in _resolve_entry_value
    return parse_block(lines, i, lines[i].indent)
  File "/Users/jrmag/Projects/active/sdd-forge-wt-epic-189/plugins/sdd-quality-loop/scripts/canonicalize-sdd-yaml.py", line 590, in parse_block
    return parse_mapping(lines, i, indent)
  File "/Users/jrmag/Projects/active/sdd-forge-wt-epic-189/plugins/sdd-quality-loop/scripts/canonicalize-sdd-yaml.py", line 671, in parse_mapping
    i = _parse_mapping_entries(lines, i, indent, mapping)
  File "/Users/jrmag/Projects/active/sdd-forge-wt-epic-189/plugins/sdd-quality-loop/scripts/canonicalize-sdd-yaml.py", line 664, in _parse_mapping_entries
    value, i = _resolve_entry_value(lines, i, indent, val_str, line_no)
               ~~~~~~~~~~~~~~~~~~~~^^^^^^^^^^^^^^^^^^^^^^^^^^^^^^^^^^^^
  File "/Users/jrmag/Projects/active/sdd-forge-wt-epic-189/plugins/sdd-quality-loop/scripts/canonicalize-sdd-yaml.py", line 582, in _resolve_entry_value
    return parse_block(lines, i, lines[i].indent)
  File "/Users/jrmag/Projects/active/sdd-forge-wt-epic-189/plugins/sdd-quality-loop/scripts/canonicalize-sdd-yaml.py", line 590, in parse_block
    return parse_mapping(lines, i, indent)
  File "/Users/jrmag/Projects/active/sdd-forge-wt-epic-189/plugins/sdd-quality-loop/scripts/canonicalize-sdd-yaml.py", line 671, in parse_mapping
    i = _parse_mapping_entries(lines, i, indent, mapping)
  File "/Users/jrmag/Projects/active/sdd-forge-wt-epic-189/plugins/sdd-quality-loop/scripts/canonicalize-sdd-yaml.py", line 664, in _parse_mapping_entries
    value, i = _resolve_entry_value(lines, i, indent, val_str, line_no)
               ~~~~~~~~~~~~~~~~~~~~^^^^^^^^^^^^^^^^^^^^^^^^^^^^^^^^^^^^
  File "/Users/jrmag/Projects/active/sdd-forge-wt-epic-189/plugins/sdd-quality-loop/scripts/canonicalize-sdd-yaml.py", line 582, in _resolve_entry_value
    return parse_block(lines, i, lines[i].indent)
  File "/Users/jrmag/Projects/active/sdd-forge-wt-epic-189/plugins/sdd-quality-loop/scripts/canonicalize-sdd-yaml.py", line 590, in parse_block
    return parse_mapping(lines, i, indent)
  File "/Users/jrmag/Projects/active/sdd-forge-wt-epic-189/plugins/sdd-quality-loop/scripts/canonicalize-sdd-yaml.py", line 671, in parse_mapping
    i = _parse_mapping_entries(lines, i, indent, mapping)
  File "/Users/jrmag/Projects/active/sdd-forge-wt-epic-189/plugins/sdd-quality-loop/scripts/canonicalize-sdd-yaml.py", line 664, in _parse_mapping_entries
    value, i = _resolve_entry_value(lines, i, indent, val_str, line_no)
               ~~~~~~~~~~~~~~~~~~~~^^^^^^^^^^^^^^^^^^^^^^^^^^^^^^^^^^^^
  File "/Users/jrmag/Projects/active/sdd-forge-wt-epic-189/plugins/sdd-quality-loop/scripts/canonicalize-sdd-yaml.py", line 582, in _resolve_entry_value
    return parse_block(lines, i, lines[i].indent)
  File "/Users/jrmag/Projects/active/sdd-forge-wt-epic-189/plugins/sdd-quality-loop/scripts/canonicalize-sdd-yaml.py", line 590, in parse_block
    return parse_mapping(lines, i, indent)
  File "/Users/jrmag/Projects/active/sdd-forge-wt-epic-189/plugins/sdd-quality-loop/scripts/canonicalize-sdd-yaml.py", line 671, in parse_mapping
    i = _parse_mapping_entries(lines, i, indent, mapping)
  File "/Users/jrmag/Projects/active/sdd-forge-wt-epic-189/plugins/sdd-quality-loop/scripts/canonicalize-sdd-yaml.py", line 664, in _parse_mapping_entries
    value, i = _resolve_entry_value(lines, i, indent, val_str, line_no)
               ~~~~~~~~~~~~~~~~~~~~^^^^^^^^^^^^^^^^^^^^^^^^^^^^^^^^^^^^
  File "/Users/jrmag/Projects/active/sdd-forge-wt-epic-189/plugins/sdd-quality-loop/scripts/canonicalize-sdd-yaml.py", line 582, in _resolve_entry_value
    return parse_block(lines, i, lines[i].indent)
  File "/Users/jrmag/Projects/active/sdd-forge-wt-epic-189/plugins/sdd-quality-loop/scripts/canonicalize-sdd-yaml.py", line 590, in parse_block
    return parse_mapping(lines, i, indent)
  File "/Users/jrmag/Projects/active/sdd-forge-wt-epic-189/plugins/sdd-quality-loop/scripts/canonicalize-sdd-yaml.py", line 671, in parse_mapping
    i = _parse_mapping_entries(lines, i, indent, mapping)
  File "/Users/jrmag/Projects/active/sdd-forge-wt-epic-189/plugins/sdd-quality-loop/scripts/canonicalize-sdd-yaml.py", line 664, in _parse_mapping_entries
    value, i = _resolve_entry_value(lines, i, indent, val_str, line_no)
               ~~~~~~~~~~~~~~~~~~~~^^^^^^^^^^^^^^^^^^^^^^^^^^^^^^^^^^^^
  File "/Users/jrmag/Projects/active/sdd-forge-wt-epic-189/plugins/sdd-quality-loop/scripts/canonicalize-sdd-yaml.py", line 582, in _resolve_entry_value
    return parse_block(lines, i, lines[i].indent)
  File "/Users/jrmag/Projects/active/sdd-forge-wt-epic-189/plugins/sdd-quality-loop/scripts/canonicalize-sdd-yaml.py", line 590, in parse_block
    return parse_mapping(lines, i, indent)
  File "/Users/jrmag/Projects/active/sdd-forge-wt-epic-189/plugins/sdd-quality-loop/scripts/canonicalize-sdd-yaml.py", line 671, in parse_mapping
    i = _parse_mapping_entries(lines, i, indent, mapping)
  File "/Users/jrmag/Projects/active/sdd-forge-wt-epic-189/plugins/sdd-quality-loop/scripts/canonicalize-sdd-yaml.py", line 664, in _parse_mapping_entries
    value, i = _resolve_entry_value(lines, i, indent, val_str, line_no)
               ~~~~~~~~~~~~~~~~~~~~^^^^^^^^^^^^^^^^^^^^^^^^^^^^^^^^^^^^
  File "/Users/jrmag/Projects/active/sdd-forge-wt-epic-189/plugins/sdd-quality-loop/scripts/canonicalize-sdd-yaml.py", line 582, in _resolve_entry_value
    return parse_block(lines, i, lines[i].indent)
  File "/Users/jrmag/Projects/active/sdd-forge-wt-epic-189/plugins/sdd-quality-loop/scripts/canonicalize-sdd-yaml.py", line 590, in parse_block
    return parse_mapping(lines, i, indent)
  File "/Users/jrmag/Projects/active/sdd-forge-wt-epic-189/plugins/sdd-quality-loop/scripts/canonicalize-sdd-yaml.py", line 671, in parse_mapping
    i = _parse_mapping_entries(lines, i, indent, mapping)
  File "/Users/jrmag/Projects/active/sdd-forge-wt-epic-189/plugins/sdd-quality-loop/scripts/canonicalize-sdd-yaml.py", line 664, in _parse_mapping_entries
    value, i = _resolve_entry_value(lines, i, indent, val_str, line_no)
               ~~~~~~~~~~~~~~~~~~~~^^^^^^^^^^^^^^^^^^^^^^^^^^^^^^^^^^^^
  File "/Users/jrmag/Projects/active/sdd-forge-wt-epic-189/plugins/sdd-quality-loop/scripts/canonicalize-sdd-yaml.py", line 582, in _resolve_entry_value
    return parse_block(lines, i, lines[i].indent)
  File "/Users/jrmag/Projects/active/sdd-forge-wt-epic-189/plugins/sdd-quality-loop/scripts/canonicalize-sdd-yaml.py", line 590, in parse_block
    return parse_mapping(lines, i, indent)
  File "/Users/jrmag/Projects/active/sdd-forge-wt-epic-189/plugins/sdd-quality-loop/scripts/canonicalize-sdd-yaml.py", line 671, in parse_mapping
    i = _parse_mapping_entries(lines, i, indent, mapping)
  File "/Users/jrmag/Projects/active/sdd-forge-wt-epic-189/plugins/sdd-quality-loop/scripts/canonicalize-sdd-yaml.py", line 664, in _parse_mapping_entries
    value, i = _resolve_entry_value(lines, i, indent, val_str, line_no)
               ~~~~~~~~~~~~~~~~~~~~^^^^^^^^^^^^^^^^^^^^^^^^^^^^^^^^^^^^
  File "/Users/jrmag/Projects/active/sdd-forge-wt-epic-189/plugins/sdd-quality-loop/scripts/canonicalize-sdd-yaml.py", line 582, in _resolve_entry_value
    return parse_block(lines, i, lines[i].indent)
  File "/Users/jrmag/Projects/active/sdd-forge-wt-epic-189/plugins/sdd-quality-loop/scripts/canonicalize-sdd-yaml.py", line 590, in parse_block
    return parse_mapping(lines, i, indent)
  File "/Users/jrmag/Projects/active/sdd-forge-wt-epic-189/plugins/sdd-quality-loop/scripts/canonicalize-sdd-yaml.py", line 671, in parse_mapping
    i = _parse_mapping_entries(lines, i, indent, mapping)
  File "/Users/jrmag/Projects/active/sdd-forge-wt-epic-189/plugins/sdd-quality-loop/scripts/canonicalize-sdd-yaml.py", line 664, in _parse_mapping_entries
    value, i = _resolve_entry_value(lines, i, indent, val_str, line_no)
               ~~~~~~~~~~~~~~~~~~~~^^^^^^^^^^^^^^^^^^^^^^^^^^^^^^^^^^^^
  File "/Users/jrmag/Projects/active/sdd-forge-wt-epic-189/plugins/sdd-quality-loop/scripts/canonicalize-sdd-yaml.py", line 582, in _resolve_entry_value
    return parse_block(lines, i, lines[i].indent)
  File "/Users/jrmag/Projects/active/sdd-forge-wt-epic-189/plugins/sdd-quality-loop/scripts/canonicalize-sdd-yaml.py", line 590, in parse_block
    return parse_mapping(lines, i, indent)
  File "/Users/jrmag/Projects/active/sdd-forge-wt-epic-189/plugins/sdd-quality-loop/scripts/canonicalize-sdd-yaml.py", line 671, in parse_mapping
    i = _parse_mapping_entries(lines, i, indent, mapping)
  File "/Users/jrmag/Projects/active/sdd-forge-wt-epic-189/plugins/sdd-quality-loop/scripts/canonicalize-sdd-yaml.py", line 664, in _parse_mapping_entries
    value, i = _resolve_entry_value(lines, i, indent, val_str, line_no)
               ~~~~~~~~~~~~~~~~~~~~^^^^^^^^^^^^^^^^^^^^^^^^^^^^^^^^^^^^
  File "/Users/jrmag/Projects/active/sdd-forge-wt-epic-189/plugins/sdd-quality-loop/scripts/canonicalize-sdd-yaml.py", line 582, in _resolve_entry_value
    return parse_block(lines, i, lines[i].indent)
  File "/Users/jrmag/Projects/active/sdd-forge-wt-epic-189/plugins/sdd-quality-loop/scripts/canonicalize-sdd-yaml.py", line 590, in parse_block
    return parse_mapping(lines, i, indent)
  File "/Users/jrmag/Projects/active/sdd-forge-wt-epic-189/plugins/sdd-quality-loop/scripts/canonicalize-sdd-yaml.py", line 671, in parse_mapping
    i = _parse_mapping_entries(lines, i, indent, mapping)
  File "/Users/jrmag/Projects/active/sdd-forge-wt-epic-189/plugins/sdd-quality-loop/scripts/canonicalize-sdd-yaml.py", line 664, in _parse_mapping_entries
    value, i = _resolve_entry_value(lines, i, indent, val_str, line_no)
               ~~~~~~~~~~~~~~~~~~~~^^^^^^^^^^^^^^^^^^^^^^^^^^^^^^^^^^^^
  File "/Users/jrmag/Projects/active/sdd-forge-wt-epic-189/plugins/sdd-quality-loop/scripts/canonicalize-sdd-yaml.py", line 582, in _resolve_entry_value
    return parse_block(lines, i, lines[i].indent)
  File "/Users/jrmag/Projects/active/sdd-forge-wt-epic-189/plugins/sdd-quality-loop/scripts/canonicalize-sdd-yaml.py", line 590, in parse_block
    return parse_mapping(lines, i, indent)
  File "/Users/jrmag/Projects/active/sdd-forge-wt-epic-189/plugins/sdd-quality-loop/scripts/canonicalize-sdd-yaml.py", line 671, in parse_mapping
    i = _parse_mapping_entries(lines, i, indent, mapping)
  File "/Users/jrmag/Projects/active/sdd-forge-wt-epic-189/plugins/sdd-quality-loop/scripts/canonicalize-sdd-yaml.py", line 664, in _parse_mapping_entries
    value, i = _resolve_entry_value(lines, i, indent, val_str, line_no)
               ~~~~~~~~~~~~~~~~~~~~^^^^^^^^^^^^^^^^^^^^^^^^^^^^^^^^^^^^
  File "/Users/jrmag/Projects/active/sdd-forge-wt-epic-189/plugins/sdd-quality-loop/scripts/canonicalize-sdd-yaml.py", line 582, in _resolve_entry_value
    return parse_block(lines, i, lines[i].indent)
  File "/Users/jrmag/Projects/active/sdd-forge-wt-epic-189/plugins/sdd-quality-loop/scripts/canonicalize-sdd-yaml.py", line 590, in parse_block
    return parse_mapping(lines, i, indent)
  File "/Users/jrmag/Projects/active/sdd-forge-wt-epic-189/plugins/sdd-quality-loop/scripts/canonicalize-sdd-yaml.py", line 671, in parse_mapping
    i = _parse_mapping_entries(lines, i, indent, mapping)
  File "/Users/jrmag/Projects/active/sdd-forge-wt-epic-189/plugins/sdd-quality-loop/scripts/canonicalize-sdd-yaml.py", line 664, in _parse_mapping_entries
    value, i = _resolve_entry_value(lines, i, indent, val_str, line_no)
               ~~~~~~~~~~~~~~~~~~~~^^^^^^^^^^^^^^^^^^^^^^^^^^^^^^^^^^^^
  File "/Users/jrmag/Projects/active/sdd-forge-wt-epic-189/plugins/sdd-quality-loop/scripts/canonicalize-sdd-yaml.py", line 582, in _resolve_entry_value
    return parse_block(lines, i, lines[i].indent)
  File "/Users/jrmag/Projects/active/sdd-forge-wt-epic-189/plugins/sdd-quality-loop/scripts/canonicalize-sdd-yaml.py", line 590, in parse_block
    return parse_mapping(lines, i, indent)
  File "/Users/jrmag/Projects/active/sdd-forge-wt-epic-189/plugins/sdd-quality-loop/scripts/canonicalize-sdd-yaml.py", line 671, in parse_mapping
    i = _parse_mapping_entries(lines, i, indent, mapping)
  File "/Users/jrmag/Projects/active/sdd-forge-wt-epic-189/plugins/sdd-quality-loop/scripts/canonicalize-sdd-yaml.py", line 664, in _parse_mapping_entries
    value, i = _resolve_entry_value(lines, i, indent, val_str, line_no)
               ~~~~~~~~~~~~~~~~~~~~^^^^^^^^^^^^^^^^^^^^^^^^^^^^^^^^^^^^
  File "/Users/jrmag/Projects/active/sdd-forge-wt-epic-189/plugins/sdd-quality-loop/scripts/canonicalize-sdd-yaml.py", line 582, in _resolve_entry_value
    return parse_block(lines, i, lines[i].indent)
  File "/Users/jrmag/Projects/active/sdd-forge-wt-epic-189/plugins/sdd-quality-loop/scripts/canonicalize-sdd-yaml.py", line 590, in parse_block
    return parse_mapping(lines, i, indent)
  File "/Users/jrmag/Projects/active/sdd-forge-wt-epic-189/plugins/sdd-quality-loop/scripts/canonicalize-sdd-yaml.py", line 671, in parse_mapping
    i = _parse_mapping_entries(lines, i, indent, mapping)
  File "/Users/jrmag/Projects/active/sdd-forge-wt-epic-189/plugins/sdd-quality-loop/scripts/canonicalize-sdd-yaml.py", line 664, in _parse_mapping_entries
    value, i = _resolve_entry_value(lines, i, indent, val_str, line_no)
               ~~~~~~~~~~~~~~~~~~~~^^^^^^^^^^^^^^^^^^^^^^^^^^^^^^^^^^^^
  File "/Users/jrmag/Projects/active/sdd-forge-wt-epic-189/plugins/sdd-quality-loop/scripts/canonicalize-sdd-yaml.py", line 582, in _resolve_entry_value
    return parse_block(lines, i, lines[i].indent)
  File "/Users/jrmag/Projects/active/sdd-forge-wt-epic-189/plugins/sdd-quality-loop/scripts/canonicalize-sdd-yaml.py", line 590, in parse_block
    return parse_mapping(lines, i, indent)
  File "/Users/jrmag/Projects/active/sdd-forge-wt-epic-189/plugins/sdd-quality-loop/scripts/canonicalize-sdd-yaml.py", line 671, in parse_mapping
    i = _parse_mapping_entries(lines, i, indent, mapping)
  File "/Users/jrmag/Projects/active/sdd-forge-wt-epic-189/plugins/sdd-quality-loop/scripts/canonicalize-sdd-yaml.py", line 664, in _parse_mapping_entries
    value, i = _resolve_entry_value(lines, i, indent, val_str, line_no)
               ~~~~~~~~~~~~~~~~~~~~^^^^^^^^^^^^^^^^^^^^^^^^^^^^^^^^^^^^
  File "/Users/jrmag/Projects/active/sdd-forge-wt-epic-189/plugins/sdd-quality-loop/scripts/canonicalize-sdd-yaml.py", line 582, in _resolve_entry_value
    return parse_block(lines, i, lines[i].indent)
  File "/Users/jrmag/Projects/active/sdd-forge-wt-epic-189/plugins/sdd-quality-loop/scripts/canonicalize-sdd-yaml.py", line 590, in parse_block
    return parse_mapping(lines, i, indent)
  File "/Users/jrmag/Projects/active/sdd-forge-wt-epic-189/plugins/sdd-quality-loop/scripts/canonicalize-sdd-yaml.py", line 671, in parse_mapping
    i = _parse_mapping_entries(lines, i, indent, mapping)
  File "/Users/jrmag/Projects/active/sdd-forge-wt-epic-189/plugins/sdd-quality-loop/scripts/canonicalize-sdd-yaml.py", line 664, in _parse_mapping_entries
    value, i = _resolve_entry_value(lines, i, indent, val_str, line_no)
               ~~~~~~~~~~~~~~~~~~~~^^^^^^^^^^^^^^^^^^^^^^^^^^^^^^^^^^^^
  File "/Users/jrmag/Projects/active/sdd-forge-wt-epic-189/plugins/sdd-quality-loop/scripts/canonicalize-sdd-yaml.py", line 582, in _resolve_entry_value
    return parse_block(lines, i, lines[i].indent)
  File "/Users/jrmag/Projects/active/sdd-forge-wt-epic-189/plugins/sdd-quality-loop/scripts/canonicalize-sdd-yaml.py", line 590, in parse_block
    return parse_mapping(lines, i, indent)
  File "/Users/jrmag/Projects/active/sdd-forge-wt-epic-189/plugins/sdd-quality-loop/scripts/canonicalize-sdd-yaml.py", line 671, in parse_mapping
    i = _parse_mapping_entries(lines, i, indent, mapping)
  File "/Users/jrmag/Projects/active/sdd-forge-wt-epic-189/plugins/sdd-quality-loop/scripts/canonicalize-sdd-yaml.py", line 664, in _parse_mapping_entries
    value, i = _resolve_entry_value(lines, i, indent, val_str, line_no)
               ~~~~~~~~~~~~~~~~~~~~^^^^^^^^^^^^^^^^^^^^^^^^^^^^^^^^^^^^
  File "/Users/jrmag/Projects/active/sdd-forge-wt-epic-189/plugins/sdd-quality-loop/scripts/canonicalize-sdd-yaml.py", line 582, in _resolve_entry_value
    return parse_block(lines, i, lines[i].indent)
  File "/Users/jrmag/Projects/active/sdd-forge-wt-epic-189/plugins/sdd-quality-loop/scripts/canonicalize-sdd-yaml.py", line 590, in parse_block
    return parse_mapping(lines, i, indent)
  File "/Users/jrmag/Projects/active/sdd-forge-wt-epic-189/plugins/sdd-quality-loop/scripts/canonicalize-sdd-yaml.py", line 671, in parse_mapping
    i = _parse_mapping_entries(lines, i, indent, mapping)
  File "/Users/jrmag/Projects/active/sdd-forge-wt-epic-189/plugins/sdd-quality-loop/scripts/canonicalize-sdd-yaml.py", line 664, in _parse_mapping_entries
    value, i = _resolve_entry_value(lines, i, indent, val_str, line_no)
               ~~~~~~~~~~~~~~~~~~~~^^^^^^^^^^^^^^^^^^^^^^^^^^^^^^^^^^^^
  File "/Users/jrmag/Projects/active/sdd-forge-wt-epic-189/plugins/sdd-quality-loop/scripts/canonicalize-sdd-yaml.py", line 582, in _resolve_entry_value
    return parse_block(lines, i, lines[i].indent)
  File "/Users/jrmag/Projects/active/sdd-forge-wt-epic-189/plugins/sdd-quality-loop/scripts/canonicalize-sdd-yaml.py", line 590, in parse_block
    return parse_mapping(lines, i, indent)
  File "/Users/jrmag/Projects/active/sdd-forge-wt-epic-189/plugins/sdd-quality-loop/scripts/canonicalize-sdd-yaml.py", line 671, in parse_mapping
    i = _parse_mapping_entries(lines, i, indent, mapping)
  File "/Users/jrmag/Projects/active/sdd-forge-wt-epic-189/plugins/sdd-quality-loop/scripts/canonicalize-sdd-yaml.py", line 664, in _parse_mapping_entries
    value, i = _resolve_entry_value(lines, i, indent, val_str, line_no)
               ~~~~~~~~~~~~~~~~~~~~^^^^^^^^^^^^^^^^^^^^^^^^^^^^^^^^^^^^
  File "/Users/jrmag/Projects/active/sdd-forge-wt-epic-189/plugins/sdd-quality-loop/scripts/canonicalize-sdd-yaml.py", line 582, in _resolve_entry_value
    return parse_block(lines, i, lines[i].indent)
  File "/Users/jrmag/Projects/active/sdd-forge-wt-epic-189/plugins/sdd-quality-loop/scripts/canonicalize-sdd-yaml.py", line 590, in parse_block
    return parse_mapping(lines, i, indent)
  File "/Users/jrmag/Projects/active/sdd-forge-wt-epic-189/plugins/sdd-quality-loop/scripts/canonicalize-sdd-yaml.py", line 671, in parse_mapping
    i = _parse_mapping_entries(lines, i, indent, mapping)
  File "/Users/jrmag/Projects/active/sdd-forge-wt-epic-189/plugins/sdd-quality-loop/scripts/canonicalize-sdd-yaml.py", line 664, in _parse_mapping_entries
    value, i = _resolve_entry_value(lines, i, indent, val_str, line_no)
               ~~~~~~~~~~~~~~~~~~~~^^^^^^^^^^^^^^^^^^^^^^^^^^^^^^^^^^^^
  File "/Users/jrmag/Projects/active/sdd-forge-wt-epic-189/plugins/sdd-quality-loop/scripts/canonicalize-sdd-yaml.py", line 582, in _resolve_entry_value
    return parse_block(lines, i, lines[i].indent)
  File "/Users/jrmag/Projects/active/sdd-forge-wt-epic-189/plugins/sdd-quality-loop/scripts/canonicalize-sdd-yaml.py", line 590, in parse_block
    return parse_mapping(lines, i, indent)
  File "/Users/jrmag/Projects/active/sdd-forge-wt-epic-189/plugins/sdd-quality-loop/scripts/canonicalize-sdd-yaml.py", line 671, in parse_mapping
    i = _parse_mapping_entries(lines, i, indent, mapping)
  File "/Users/jrmag/Projects/active/sdd-forge-wt-epic-189/plugins/sdd-quality-loop/scripts/canonicalize-sdd-yaml.py", line 664, in _parse_mapping_entries
    value, i = _resolve_entry_value(lines, i, indent, val_str, line_no)
               ~~~~~~~~~~~~~~~~~~~~^^^^^^^^^^^^^^^^^^^^^^^^^^^^^^^^^^^^
  File "/Users/jrmag/Projects/active/sdd-forge-wt-epic-189/plugins/sdd-quality-loop/scripts/canonicalize-sdd-yaml.py", line 582, in _resolve_entry_value
    return parse_block(lines, i, lines[i].indent)
  File "/Users/jrmag/Projects/active/sdd-forge-wt-epic-189/plugins/sdd-quality-loop/scripts/canonicalize-sdd-yaml.py", line 590, in parse_block
    return parse_mapping(lines, i, indent)
  File "/Users/jrmag/Projects/active/sdd-forge-wt-epic-189/plugins/sdd-quality-loop/scripts/canonicalize-sdd-yaml.py", line 671, in parse_mapping
    i = _parse_mapping_entries(lines, i, indent, mapping)
  File "/Users/jrmag/Projects/active/sdd-forge-wt-epic-189/plugins/sdd-quality-loop/scripts/canonicalize-sdd-yaml.py", line 664, in _parse_mapping_entries
    value, i = _resolve_entry_value(lines, i, indent, val_str, line_no)
               ~~~~~~~~~~~~~~~~~~~~^^^^^^^^^^^^^^^^^^^^^^^^^^^^^^^^^^^^
  File "/Users/jrmag/Projects/active/sdd-forge-wt-epic-189/plugins/sdd-quality-loop/scripts/canonicalize-sdd-yaml.py", line 582, in _resolve_entry_value
    return parse_block(lines, i, lines[i].indent)
  File "/Users/jrmag/Projects/active/sdd-forge-wt-epic-189/plugins/sdd-quality-loop/scripts/canonicalize-sdd-yaml.py", line 590, in parse_block
    return parse_mapping(lines, i, indent)
  File "/Users/jrmag/Projects/active/sdd-forge-wt-epic-189/plugins/sdd-quality-loop/scripts/canonicalize-sdd-yaml.py", line 671, in parse_mapping
    i = _parse_mapping_entries(lines, i, indent, mapping)
  File "/Users/jrmag/Projects/active/sdd-forge-wt-epic-189/plugins/sdd-quality-loop/scripts/canonicalize-sdd-yaml.py", line 664, in _parse_mapping_entries
    value, i = _resolve_entry_value(lines, i, indent, val_str, line_no)
               ~~~~~~~~~~~~~~~~~~~~^^^^^^^^^^^^^^^^^^^^^^^^^^^^^^^^^^^^
  File "/Users/jrmag/Projects/active/sdd-forge-wt-epic-189/plugins/sdd-quality-loop/scripts/canonicalize-sdd-yaml.py", line 582, in _resolve_entry_value
    return parse_block(lines, i, lines[i].indent)
  File "/Users/jrmag/Projects/active/sdd-forge-wt-epic-189/plugins/sdd-quality-loop/scripts/canonicalize-sdd-yaml.py", line 590, in parse_block
    return parse_mapping(lines, i, indent)
  File "/Users/jrmag/Projects/active/sdd-forge-wt-epic-189/plugins/sdd-quality-loop/scripts/canonicalize-sdd-yaml.py", line 671, in parse_mapping
    i = _parse_mapping_entries(lines, i, indent, mapping)
  File "/Users/jrmag/Projects/active/sdd-forge-wt-epic-189/plugins/sdd-quality-loop/scripts/canonicalize-sdd-yaml.py", line 664, in _parse_mapping_entries
    value, i = _resolve_entry_value(lines, i, indent, val_str, line_no)
               ~~~~~~~~~~~~~~~~~~~~^^^^^^^^^^^^^^^^^^^^^^^^^^^^^^^^^^^^
  File "/Users/jrmag/Projects/active/sdd-forge-wt-epic-189/plugins/sdd-quality-loop/scripts/canonicalize-sdd-yaml.py", line 582, in _resolve_entry_value
    return parse_block(lines, i, lines[i].indent)
  File "/Users/jrmag/Projects/active/sdd-forge-wt-epic-189/plugins/sdd-quality-loop/scripts/canonicalize-sdd-yaml.py", line 590, in parse_block
    return parse_mapping(lines, i, indent)
  File "/Users/jrmag/Projects/active/sdd-forge-wt-epic-189/plugins/sdd-quality-loop/scripts/canonicalize-sdd-yaml.py", line 671, in parse_mapping
    i = _parse_mapping_entries(lines, i, indent, mapping)
  File "/Users/jrmag/Projects/active/sdd-forge-wt-epic-189/plugins/sdd-quality-loop/scripts/canonicalize-sdd-yaml.py", line 664, in _parse_mapping_entries
    value, i = _resolve_entry_value(lines, i, indent, val_str, line_no)
               ~~~~~~~~~~~~~~~~~~~~^^^^^^^^^^^^^^^^^^^^^^^^^^^^^^^^^^^^
  File "/Users/jrmag/Projects/active/sdd-forge-wt-epic-189/plugins/sdd-quality-loop/scripts/canonicalize-sdd-yaml.py", line 582, in _resolve_entry_value
    return parse_block(lines, i, lines[i].indent)
  File "/Users/jrmag/Projects/active/sdd-forge-wt-epic-189/plugins/sdd-quality-loop/scripts/canonicalize-sdd-yaml.py", line 590, in parse_block
    return parse_mapping(lines, i, indent)
  File "/Users/jrmag/Projects/active/sdd-forge-wt-epic-189/plugins/sdd-quality-loop/scripts/canonicalize-sdd-yaml.py", line 671, in parse_mapping
    i = _parse_mapping_entries(lines, i, indent, mapping)
  File "/Users/jrmag/Projects/active/sdd-forge-wt-epic-189/plugins/sdd-quality-loop/scripts/canonicalize-sdd-yaml.py", line 664, in _parse_mapping_entries
    value, i = _resolve_entry_value(lines, i, indent, val_str, line_no)
               ~~~~~~~~~~~~~~~~~~~~^^^^^^^^^^^^^^^^^^^^^^^^^^^^^^^^^^^^
  File "/Users/jrmag/Projects/active/sdd-forge-wt-epic-189/plugins/sdd-quality-loop/scripts/canonicalize-sdd-yaml.py", line 582, in _resolve_entry_value
    return parse_block(lines, i, lines[i].indent)
  File "/Users/jrmag/Projects/active/sdd-forge-wt-epic-189/plugins/sdd-quality-loop/scripts/canonicalize-sdd-yaml.py", line 590, in parse_block
    return parse_mapping(lines, i, indent)
  File "/Users/jrmag/Projects/active/sdd-forge-wt-epic-189/plugins/sdd-quality-loop/scripts/canonicalize-sdd-yaml.py", line 671, in parse_mapping
    i = _parse_mapping_entries(lines, i, indent, mapping)
  File "/Users/jrmag/Projects/active/sdd-forge-wt-epic-189/plugins/sdd-quality-loop/scripts/canonicalize-sdd-yaml.py", line 664, in _parse_mapping_entries
    value, i = _resolve_entry_value(lines, i, indent, val_str, line_no)
               ~~~~~~~~~~~~~~~~~~~~^^^^^^^^^^^^^^^^^^^^^^^^^^^^^^^^^^^^
  File "/Users/jrmag/Projects/active/sdd-forge-wt-epic-189/plugins/sdd-quality-loop/scripts/canonicalize-sdd-yaml.py", line 582, in _resolve_entry_value
    return parse_block(lines, i, lines[i].indent)
  File "/Users/jrmag/Projects/active/sdd-forge-wt-epic-189/plugins/sdd-quality-loop/scripts/canonicalize-sdd-yaml.py", line 590, in parse_block
    return parse_mapping(lines, i, indent)
  File "/Users/jrmag/Projects/active/sdd-forge-wt-epic-189/plugins/sdd-quality-loop/scripts/canonicalize-sdd-yaml.py", line 671, in parse_mapping
    i = _parse_mapping_entries(lines, i, indent, mapping)
  File "/Users/jrmag/Projects/active/sdd-forge-wt-epic-189/plugins/sdd-quality-loop/scripts/canonicalize-sdd-yaml.py", line 664, in _parse_mapping_entries
    value, i = _resolve_entry_value(lines, i, indent, val_str, line_no)
               ~~~~~~~~~~~~~~~~~~~~^^^^^^^^^^^^^^^^^^^^^^^^^^^^^^^^^^^^
  File "/Users/jrmag/Projects/active/sdd-forge-wt-epic-189/plugins/sdd-quality-loop/scripts/canonicalize-sdd-yaml.py", line 582, in _resolve_entry_value
    return parse_block(lines, i, lines[i].indent)
  File "/Users/jrmag/Projects/active/sdd-forge-wt-epic-189/plugins/sdd-quality-loop/scripts/canonicalize-sdd-yaml.py", line 590, in parse_block
    return parse_mapping(lines, i, indent)
  File "/Users/jrmag/Projects/active/sdd-forge-wt-epic-189/plugins/sdd-quality-loop/scripts/canonicalize-sdd-yaml.py", line 671, in parse_mapping
    i = _parse_mapping_entries(lines, i, indent, mapping)
  File "/Users/jrmag/Projects/active/sdd-forge-wt-epic-189/plugins/sdd-quality-loop/scripts/canonicalize-sdd-yaml.py", line 664, in _parse_mapping_entries
    value, i = _resolve_entry_value(lines, i, indent, val_str, line_no)
               ~~~~~~~~~~~~~~~~~~~~^^^^^^^^^^^^^^^^^^^^^^^^^^^^^^^^^^^^
  File "/Users/jrmag/Projects/active/sdd-forge-wt-epic-189/plugins/sdd-quality-loop/scripts/canonicalize-sdd-yaml.py", line 582, in _resolve_entry_value
    return parse_block(lines, i, lines[i].indent)
  File "/Users/jrmag/Projects/active/sdd-forge-wt-epic-189/plugins/sdd-quality-loop/scripts/canonicalize-sdd-yaml.py", line 590, in parse_block
    return parse_mapping(lines, i, indent)
  File "/Users/jrmag/Projects/active/sdd-forge-wt-epic-189/plugins/sdd-quality-loop/scripts/canonicalize-sdd-yaml.py", line 671, in parse_mapping
    i = _parse_mapping_entries(lines, i, indent, mapping)
  File "/Users/jrmag/Projects/active/sdd-forge-wt-epic-189/plugins/sdd-quality-loop/scripts/canonicalize-sdd-yaml.py", line 664, in _parse_mapping_entries
    value, i = _resolve_entry_value(lines, i, indent, val_str, line_no)
               ~~~~~~~~~~~~~~~~~~~~^^^^^^^^^^^^^^^^^^^^^^^^^^^^^^^^^^^^
  File "/Users/jrmag/Projects/active/sdd-forge-wt-epic-189/plugins/sdd-quality-loop/scripts/canonicalize-sdd-yaml.py", line 582, in _resolve_entry_value
    return parse_block(lines, i, lines[i].indent)
  File "/Users/jrmag/Projects/active/sdd-forge-wt-epic-189/plugins/sdd-quality-loop/scripts/canonicalize-sdd-yaml.py", line 590, in parse_block
    return parse_mapping(lines, i, indent)
  File "/Users/jrmag/Projects/active/sdd-forge-wt-epic-189/plugins/sdd-quality-loop/scripts/canonicalize-sdd-yaml.py", line 671, in parse_mapping
    i = _parse_mapping_entries(lines, i, indent, mapping)
  File "/Users/jrmag/Projects/active/sdd-forge-wt-epic-189/plugins/sdd-quality-loop/scripts/canonicalize-sdd-yaml.py", line 664, in _parse_mapping_entries
    value, i = _resolve_entry_value(lines, i, indent, val_str, line_no)
               ~~~~~~~~~~~~~~~~~~~~^^^^^^^^^^^^^^^^^^^^^^^^^^^^^^^^^^^^
  File "/Users/jrmag/Projects/active/sdd-forge-wt-epic-189/plugins/sdd-quality-loop/scripts/canonicalize-sdd-yaml.py", line 582, in _resolve_entry_value
    return parse_block(lines, i, lines[i].indent)
  File "/Users/jrmag/Projects/active/sdd-forge-wt-epic-189/plugins/sdd-quality-loop/scripts/canonicalize-sdd-yaml.py", line 590, in parse_block
    return parse_mapping(lines, i, indent)
  File "/Users/jrmag/Projects/active/sdd-forge-wt-epic-189/plugins/sdd-quality-loop/scripts/canonicalize-sdd-yaml.py", line 671, in parse_mapping
    i = _parse_mapping_entries(lines, i, indent, mapping)
  File "/Users/jrmag/Projects/active/sdd-forge-wt-epic-189/plugins/sdd-quality-loop/scripts/canonicalize-sdd-yaml.py", line 664, in _parse_mapping_entries
    value, i = _resolve_entry_value(lines, i, indent, val_str, line_no)
               ~~~~~~~~~~~~~~~~~~~~^^^^^^^^^^^^^^^^^^^^^^^^^^^^^^^^^^^^
  File "/Users/jrmag/Projects/active/sdd-forge-wt-epic-189/plugins/sdd-quality-loop/scripts/canonicalize-sdd-yaml.py", line 582, in _resolve_entry_value
    return parse_block(lines, i, lines[i].indent)
  File "/Users/jrmag/Projects/active/sdd-forge-wt-epic-189/plugins/sdd-quality-loop/scripts/canonicalize-sdd-yaml.py", line 590, in parse_block
    return parse_mapping(lines, i, indent)
  File "/Users/jrmag/Projects/active/sdd-forge-wt-epic-189/plugins/sdd-quality-loop/scripts/canonicalize-sdd-yaml.py", line 671, in parse_mapping
    i = _parse_mapping_entries(lines, i, indent, mapping)
  File "/Users/jrmag/Projects/active/sdd-forge-wt-epic-189/plugins/sdd-quality-loop/scripts/canonicalize-sdd-yaml.py", line 664, in _parse_mapping_entries
    value, i = _resolve_entry_value(lines, i, indent, val_str, line_no)
               ~~~~~~~~~~~~~~~~~~~~^^^^^^^^^^^^^^^^^^^^^^^^^^^^^^^^^^^^
  File "/Users/jrmag/Projects/active/sdd-forge-wt-epic-189/plugins/sdd-quality-loop/scripts/canonicalize-sdd-yaml.py", line 582, in _resolve_entry_value
    return parse_block(lines, i, lines[i].indent)
  File "/Users/jrmag/Projects/active/sdd-forge-wt-epic-189/plugins/sdd-quality-loop/scripts/canonicalize-sdd-yaml.py", line 590, in parse_block
    return parse_mapping(lines, i, indent)
  File "/Users/jrmag/Projects/active/sdd-forge-wt-epic-189/plugins/sdd-quality-loop/scripts/canonicalize-sdd-yaml.py", line 671, in parse_mapping
    i = _parse_mapping_entries(lines, i, indent, mapping)
  File "/Users/jrmag/Projects/active/sdd-forge-wt-epic-189/plugins/sdd-quality-loop/scripts/canonicalize-sdd-yaml.py", line 664, in _parse_mapping_entries
    value, i = _resolve_entry_value(lines, i, indent, val_str, line_no)
               ~~~~~~~~~~~~~~~~~~~~^^^^^^^^^^^^^^^^^^^^^^^^^^^^^^^^^^^^
  File "/Users/jrmag/Projects/active/sdd-forge-wt-epic-189/plugins/sdd-quality-loop/scripts/canonicalize-sdd-yaml.py", line 582, in _resolve_entry_value
    return parse_block(lines, i, lines[i].indent)
  File "/Users/jrmag/Projects/active/sdd-forge-wt-epic-189/plugins/sdd-quality-loop/scripts/canonicalize-sdd-yaml.py", line 590, in parse_block
    return parse_mapping(lines, i, indent)
  File "/Users/jrmag/Projects/active/sdd-forge-wt-epic-189/plugins/sdd-quality-loop/scripts/canonicalize-sdd-yaml.py", line 671, in parse_mapping
    i = _parse_mapping_entries(lines, i, indent, mapping)
  File "/Users/jrmag/Projects/active/sdd-forge-wt-epic-189/plugins/sdd-quality-loop/scripts/canonicalize-sdd-yaml.py", line 664, in _parse_mapping_entries
    value, i = _resolve_entry_value(lines, i, indent, val_str, line_no)
               ~~~~~~~~~~~~~~~~~~~~^^^^^^^^^^^^^^^^^^^^^^^^^^^^^^^^^^^^
  File "/Users/jrmag/Projects/active/sdd-forge-wt-epic-189/plugins/sdd-quality-loop/scripts/canonicalize-sdd-yaml.py", line 582, in _resolve_entry_value
    return parse_block(lines, i, lines[i].indent)
  File "/Users/jrmag/Projects/active/sdd-forge-wt-epic-189/plugins/sdd-quality-loop/scripts/canonicalize-sdd-yaml.py", line 590, in parse_block
    return parse_mapping(lines, i, indent)
  File "/Users/jrmag/Projects/active/sdd-forge-wt-epic-189/plugins/sdd-quality-loop/scripts/canonicalize-sdd-yaml.py", line 671, in parse_mapping
    i = _parse_mapping_entries(lines, i, indent, mapping)
  File "/Users/jrmag/Projects/active/sdd-forge-wt-epic-189/plugins/sdd-quality-loop/scripts/canonicalize-sdd-yaml.py", line 664, in _parse_mapping_entries
    value, i = _resolve_entry_value(lines, i, indent, val_str, line_no)
               ~~~~~~~~~~~~~~~~~~~~^^^^^^^^^^^^^^^^^^^^^^^^^^^^^^^^^^^^
  File "/Users/jrmag/Projects/active/sdd-forge-wt-epic-189/plugins/sdd-quality-loop/scripts/canonicalize-sdd-yaml.py", line 582, in _resolve_entry_value
    return parse_block(lines, i, lines[i].indent)
  File "/Users/jrmag/Projects/active/sdd-forge-wt-epic-189/plugins/sdd-quality-loop/scripts/canonicalize-sdd-yaml.py", line 590, in parse_block
    return parse_mapping(lines, i, indent)
  File "/Users/jrmag/Projects/active/sdd-forge-wt-epic-189/plugins/sdd-quality-loop/scripts/canonicalize-sdd-yaml.py", line 671, in parse_mapping
    i = _parse_mapping_entries(lines, i, indent, mapping)
  File "/Users/jrmag/Projects/active/sdd-forge-wt-epic-189/plugins/sdd-quality-loop/scripts/canonicalize-sdd-yaml.py", line 664, in _parse_mapping_entries
    value, i = _resolve_entry_value(lines, i, indent, val_str, line_no)
               ~~~~~~~~~~~~~~~~~~~~^^^^^^^^^^^^^^^^^^^^^^^^^^^^^^^^^^^^
  File "/Users/jrmag/Projects/active/sdd-forge-wt-epic-189/plugins/sdd-quality-loop/scripts/canonicalize-sdd-yaml.py", line 582, in _resolve_entry_value
    return parse_block(lines, i, lines[i].indent)
  File "/Users/jrmag/Projects/active/sdd-forge-wt-epic-189/plugins/sdd-quality-loop/scripts/canonicalize-sdd-yaml.py", line 590, in parse_block
    return parse_mapping(lines, i, indent)
  File "/Users/jrmag/Projects/active/sdd-forge-wt-epic-189/plugins/sdd-quality-loop/scripts/canonicalize-sdd-yaml.py", line 671, in parse_mapping
    i = _parse_mapping_entries(lines, i, indent, mapping)
  File "/Users/jrmag/Projects/active/sdd-forge-wt-epic-189/plugins/sdd-quality-loop/scripts/canonicalize-sdd-yaml.py", line 664, in _parse_mapping_entries
    value, i = _resolve_entry_value(lines, i, indent, val_str, line_no)
               ~~~~~~~~~~~~~~~~~~~~^^^^^^^^^^^^^^^^^^^^^^^^^^^^^^^^^^^^
  File "/Users/jrmag/Projects/active/sdd-forge-wt-epic-189/plugins/sdd-quality-loop/scripts/canonicalize-sdd-yaml.py", line 582, in _resolve_entry_value
    return parse_block(lines, i, lines[i].indent)
  File "/Users/jrmag/Projects/active/sdd-forge-wt-epic-189/plugins/sdd-quality-loop/scripts/canonicalize-sdd-yaml.py", line 590, in parse_block
    return parse_mapping(lines, i, indent)
  File "/Users/jrmag/Projects/active/sdd-forge-wt-epic-189/plugins/sdd-quality-loop/scripts/canonicalize-sdd-yaml.py", line 671, in parse_mapping
    i = _parse_mapping_entries(lines, i, indent, mapping)
  File "/Users/jrmag/Projects/active/sdd-forge-wt-epic-189/plugins/sdd-quality-loop/scripts/canonicalize-sdd-yaml.py", line 664, in _parse_mapping_entries
    value, i = _resolve_entry_value(lines, i, indent, val_str, line_no)
               ~~~~~~~~~~~~~~~~~~~~^^^^^^^^^^^^^^^^^^^^^^^^^^^^^^^^^^^^
  File "/Users/jrmag/Projects/active/sdd-forge-wt-epic-189/plugins/sdd-quality-loop/scripts/canonicalize-sdd-yaml.py", line 582, in _resolve_entry_value
    return parse_block(lines, i, lines[i].indent)
  File "/Users/jrmag/Projects/active/sdd-forge-wt-epic-189/plugins/sdd-quality-loop/scripts/canonicalize-sdd-yaml.py", line 590, in parse_block
    return parse_mapping(lines, i, indent)
  File "/Users/jrmag/Projects/active/sdd-forge-wt-epic-189/plugins/sdd-quality-loop/scripts/canonicalize-sdd-yaml.py", line 671, in parse_mapping
    i = _parse_mapping_entries(lines, i, indent, mapping)
  File "/Users/jrmag/Projects/active/sdd-forge-wt-epic-189/plugins/sdd-quality-loop/scripts/canonicalize-sdd-yaml.py", line 664, in _parse_mapping_entries
    value, i = _resolve_entry_value(lines, i, indent, val_str, line_no)
               ~~~~~~~~~~~~~~~~~~~~^^^^^^^^^^^^^^^^^^^^^^^^^^^^^^^^^^^^
  File "/Users/jrmag/Projects/active/sdd-forge-wt-epic-189/plugins/sdd-quality-loop/scripts/canonicalize-sdd-yaml.py", line 582, in _resolve_entry_value
    return parse_block(lines, i, lines[i].indent)
  File "/Users/jrmag/Projects/active/sdd-forge-wt-epic-189/plugins/sdd-quality-loop/scripts/canonicalize-sdd-yaml.py", line 590, in parse_block
    return parse_mapping(lines, i, indent)
  File "/Users/jrmag/Projects/active/sdd-forge-wt-epic-189/plugins/sdd-quality-loop/scripts/canonicalize-sdd-yaml.py", line 671, in parse_mapping
    i = _parse_mapping_entries(lines, i, indent, mapping)
  File "/Users/jrmag/Projects/active/sdd-forge-wt-epic-189/plugins/sdd-quality-loop/scripts/canonicalize-sdd-yaml.py", line 664, in _parse_mapping_entries
    value, i = _resolve_entry_value(lines, i, indent, val_str, line_no)
               ~~~~~~~~~~~~~~~~~~~~^^^^^^^^^^^^^^^^^^^^^^^^^^^^^^^^^^^^
  File "/Users/jrmag/Projects/active/sdd-forge-wt-epic-189/plugins/sdd-quality-loop/scripts/canonicalize-sdd-yaml.py", line 582, in _resolve_entry_value
    return parse_block(lines, i, lines[i].indent)
  File "/Users/jrmag/Projects/active/sdd-forge-wt-epic-189/plugins/sdd-quality-loop/scripts/canonicalize-sdd-yaml.py", line 590, in parse_block
    return parse_mapping(lines, i, indent)
  File "/Users/jrmag/Projects/active/sdd-forge-wt-epic-189/plugins/sdd-quality-loop/scripts/canonicalize-sdd-yaml.py", line 671, in parse_mapping
    i = _parse_mapping_entries(lines, i, indent, mapping)
  File "/Users/jrmag/Projects/active/sdd-forge-wt-epic-189/plugins/sdd-quality-loop/scripts/canonicalize-sdd-yaml.py", line 664, in _parse_mapping_entries
    value, i = _resolve_entry_value(lines, i, indent, val_str, line_no)
               ~~~~~~~~~~~~~~~~~~~~^^^^^^^^^^^^^^^^^^^^^^^^^^^^^^^^^^^^
  File "/Users/jrmag/Projects/active/sdd-forge-wt-epic-189/plugins/sdd-quality-loop/scripts/canonicalize-sdd-yaml.py", line 582, in _resolve_entry_value
    return parse_block(lines, i, lines[i].indent)
  File "/Users/jrmag/Projects/active/sdd-forge-wt-epic-189/plugins/sdd-quality-loop/scripts/canonicalize-sdd-yaml.py", line 590, in parse_block
    return parse_mapping(lines, i, indent)
  File "/Users/jrmag/Projects/active/sdd-forge-wt-epic-189/plugins/sdd-quality-loop/scripts/canonicalize-sdd-yaml.py", line 671, in parse_mapping
    i = _parse_mapping_entries(lines, i, indent, mapping)
  File "/Users/jrmag/Projects/active/sdd-forge-wt-epic-189/plugins/sdd-quality-loop/scripts/canonicalize-sdd-yaml.py", line 664, in _parse_mapping_entries
    value, i = _resolve_entry_value(lines, i, indent, val_str, line_no)
               ~~~~~~~~~~~~~~~~~~~~^^^^^^^^^^^^^^^^^^^^^^^^^^^^^^^^^^^^
  File "/Users/jrmag/Projects/active/sdd-forge-wt-epic-189/plugins/sdd-quality-loop/scripts/canonicalize-sdd-yaml.py", line 582, in _resolve_entry_value
    return parse_block(lines, i, lines[i].indent)
  File "/Users/jrmag/Projects/active/sdd-forge-wt-epic-189/plugins/sdd-quality-loop/scripts/canonicalize-sdd-yaml.py", line 590, in parse_block
    return parse_mapping(lines, i, indent)
  File "/Users/jrmag/Projects/active/sdd-forge-wt-epic-189/plugins/sdd-quality-loop/scripts/canonicalize-sdd-yaml.py", line 671, in parse_mapping
    i = _parse_mapping_entries(lines, i, indent, mapping)
  File "/Users/jrmag/Projects/active/sdd-forge-wt-epic-189/plugins/sdd-quality-loop/scripts/canonicalize-sdd-yaml.py", line 664, in _parse_mapping_entries
    value, i = _resolve_entry_value(lines, i, indent, val_str, line_no)
               ~~~~~~~~~~~~~~~~~~~~^^^^^^^^^^^^^^^^^^^^^^^^^^^^^^^^^^^^
  File "/Users/jrmag/Projects/active/sdd-forge-wt-epic-189/plugins/sdd-quality-loop/scripts/canonicalize-sdd-yaml.py", line 582, in _resolve_entry_value
    return parse_block(lines, i, lines[i].indent)
  File "/Users/jrmag/Projects/active/sdd-forge-wt-epic-189/plugins/sdd-quality-loop/scripts/canonicalize-sdd-yaml.py", line 590, in parse_block
    return parse_mapping(lines, i, indent)
  File "/Users/jrmag/Projects/active/sdd-forge-wt-epic-189/plugins/sdd-quality-loop/scripts/canonicalize-sdd-yaml.py", line 671, in parse_mapping
    i = _parse_mapping_entries(lines, i, indent, mapping)
  File "/Users/jrmag/Projects/active/sdd-forge-wt-epic-189/plugins/sdd-quality-loop/scripts/canonicalize-sdd-yaml.py", line 664, in _parse_mapping_entries
    value, i = _resolve_entry_value(lines, i, indent, val_str, line_no)
               ~~~~~~~~~~~~~~~~~~~~^^^^^^^^^^^^^^^^^^^^^^^^^^^^^^^^^^^^
  File "/Users/jrmag/Projects/active/sdd-forge-wt-epic-189/plugins/sdd-quality-loop/scripts/canonicalize-sdd-yaml.py", line 582, in _resolve_entry_value
    return parse_block(lines, i, lines[i].indent)
  File "/Users/jrmag/Projects/active/sdd-forge-wt-epic-189/plugins/sdd-quality-loop/scripts/canonicalize-sdd-yaml.py", line 590, in parse_block
    return parse_mapping(lines, i, indent)
  File "/Users/jrmag/Projects/active/sdd-forge-wt-epic-189/plugins/sdd-quality-loop/scripts/canonicalize-sdd-yaml.py", line 671, in parse_mapping
    i = _parse_mapping_entries(lines, i, indent, mapping)
  File "/Users/jrmag/Projects/active/sdd-forge-wt-epic-189/plugins/sdd-quality-loop/scripts/canonicalize-sdd-yaml.py", line 664, in _parse_mapping_entries
    value, i = _resolve_entry_value(lines, i, indent, val_str, line_no)
               ~~~~~~~~~~~~~~~~~~~~^^^^^^^^^^^^^^^^^^^^^^^^^^^^^^^^^^^^
  File "/Users/jrmag/Projects/active/sdd-forge-wt-epic-189/plugins/sdd-quality-loop/scripts/canonicalize-sdd-yaml.py", line 582, in _resolve_entry_value
    return parse_block(lines, i, lines[i].indent)
  File "/Users/jrmag/Projects/active/sdd-forge-wt-epic-189/plugins/sdd-quality-loop/scripts/canonicalize-sdd-yaml.py", line 590, in parse_block
    return parse_mapping(lines, i, indent)
  File "/Users/jrmag/Projects/active/sdd-forge-wt-epic-189/plugins/sdd-quality-loop/scripts/canonicalize-sdd-yaml.py", line 671, in parse_mapping
    i = _parse_mapping_entries(lines, i, indent, mapping)
  File "/Users/jrmag/Projects/active/sdd-forge-wt-epic-189/plugins/sdd-quality-loop/scripts/canonicalize-sdd-yaml.py", line 664, in _parse_mapping_entries
    value, i = _resolve_entry_value(lines, i, indent, val_str, line_no)
               ~~~~~~~~~~~~~~~~~~~~^^^^^^^^^^^^^^^^^^^^^^^^^^^^^^^^^^^^
  File "/Users/jrmag/Projects/active/sdd-forge-wt-epic-189/plugins/sdd-quality-loop/scripts/canonicalize-sdd-yaml.py", line 582, in _resolve_entry_value
    return parse_block(lines, i, lines[i].indent)
  File "/Users/jrmag/Projects/active/sdd-forge-wt-epic-189/plugins/sdd-quality-loop/scripts/canonicalize-sdd-yaml.py", line 590, in parse_block
    return parse_mapping(lines, i, indent)
  File "/Users/jrmag/Projects/active/sdd-forge-wt-epic-189/plugins/sdd-quality-loop/scripts/canonicalize-sdd-yaml.py", line 671, in parse_mapping
    i = _parse_mapping_entries(lines, i, indent, mapping)
  File "/Users/jrmag/Projects/active/sdd-forge-wt-epic-189/plugins/sdd-quality-loop/scripts/canonicalize-sdd-yaml.py", line 664, in _parse_mapping_entries
    value, i = _resolve_entry_value(lines, i, indent, val_str, line_no)
               ~~~~~~~~~~~~~~~~~~~~^^^^^^^^^^^^^^^^^^^^^^^^^^^^^^^^^^^^
  File "/Users/jrmag/Projects/active/sdd-forge-wt-epic-189/plugins/sdd-quality-loop/scripts/canonicalize-sdd-yaml.py", line 582, in _resolve_entry_value
    return parse_block(lines, i, lines[i].indent)
  File "/Users/jrmag/Projects/active/sdd-forge-wt-epic-189/plugins/sdd-quality-loop/scripts/canonicalize-sdd-yaml.py", line 590, in parse_block
    return parse_mapping(lines, i, indent)
  File "/Users/jrmag/Projects/active/sdd-forge-wt-epic-189/plugins/sdd-quality-loop/scripts/canonicalize-sdd-yaml.py", line 671, in parse_mapping
    i = _parse_mapping_entries(lines, i, indent, mapping)
  File "/Users/jrmag/Projects/active/sdd-forge-wt-epic-189/plugins/sdd-quality-loop/scripts/canonicalize-sdd-yaml.py", line 664, in _parse_mapping_entries
    value, i = _resolve_entry_value(lines, i, indent, val_str, line_no)
               ~~~~~~~~~~~~~~~~~~~~^^^^^^^^^^^^^^^^^^^^^^^^^^^^^^^^^^^^
  File "/Users/jrmag/Projects/active/sdd-forge-wt-epic-189/plugins/sdd-quality-loop/scripts/canonicalize-sdd-yaml.py", line 582, in _resolve_entry_value
    return parse_block(lines, i, lines[i].indent)
  File "/Users/jrmag/Projects/active/sdd-forge-wt-epic-189/plugins/sdd-quality-loop/scripts/canonicalize-sdd-yaml.py", line 590, in parse_block
    return parse_mapping(lines, i, indent)
  File "/Users/jrmag/Projects/active/sdd-forge-wt-epic-189/plugins/sdd-quality-loop/scripts/canonicalize-sdd-yaml.py", line 671, in parse_mapping
    i = _parse_mapping_entries(lines, i, indent, mapping)
  File "/Users/jrmag/Projects/active/sdd-forge-wt-epic-189/plugins/sdd-quality-loop/scripts/canonicalize-sdd-yaml.py", line 664, in _parse_mapping_entries
    value, i = _resolve_entry_value(lines, i, indent, val_str, line_no)
               ~~~~~~~~~~~~~~~~~~~~^^^^^^^^^^^^^^^^^^^^^^^^^^^^^^^^^^^^
  File "/Users/jrmag/Projects/active/sdd-forge-wt-epic-189/plugins/sdd-quality-loop/scripts/canonicalize-sdd-yaml.py", line 582, in _resolve_entry_value
    return parse_block(lines, i, lines[i].indent)
  File "/Users/jrmag/Projects/active/sdd-forge-wt-epic-189/plugins/sdd-quality-loop/scripts/canonicalize-sdd-yaml.py", line 590, in parse_block
    return parse_mapping(lines, i, indent)
  File "/Users/jrmag/Projects/active/sdd-forge-wt-epic-189/plugins/sdd-quality-loop/scripts/canonicalize-sdd-yaml.py", line 671, in parse_mapping
    i = _parse_mapping_entries(lines, i, indent, mapping)
  File "/Users/jrmag/Projects/active/sdd-forge-wt-epic-189/plugins/sdd-quality-loop/scripts/canonicalize-sdd-yaml.py", line 664, in _parse_mapping_entries
    value, i = _resolve_entry_value(lines, i, indent, val_str, line_no)
               ~~~~~~~~~~~~~~~~~~~~^^^^^^^^^^^^^^^^^^^^^^^^^^^^^^^^^^^^
  File "/Users/jrmag/Projects/active/sdd-forge-wt-epic-189/plugins/sdd-quality-loop/scripts/canonicalize-sdd-yaml.py", line 582, in _resolve_entry_value
    return parse_block(lines, i, lines[i].indent)
  File "/Users/jrmag/Projects/active/sdd-forge-wt-epic-189/plugins/sdd-quality-loop/scripts/canonicalize-sdd-yaml.py", line 590, in parse_block
    return parse_mapping(lines, i, indent)
  File "/Users/jrmag/Projects/active/sdd-forge-wt-epic-189/plugins/sdd-quality-loop/scripts/canonicalize-sdd-yaml.py", line 671, in parse_mapping
    i = _parse_mapping_entries(lines, i, indent, mapping)
  File "/Users/jrmag/Projects/active/sdd-forge-wt-epic-189/plugins/sdd-quality-loop/scripts/canonicalize-sdd-yaml.py", line 664, in _parse_mapping_entries
    value, i = _resolve_entry_value(lines, i, indent, val_str, line_no)
               ~~~~~~~~~~~~~~~~~~~~^^^^^^^^^^^^^^^^^^^^^^^^^^^^^^^^^^^^
  File "/Users/jrmag/Projects/active/sdd-forge-wt-epic-189/plugins/sdd-quality-loop/scripts/canonicalize-sdd-yaml.py", line 582, in _resolve_entry_value
    return parse_block(lines, i, lines[i].indent)
  File "/Users/jrmag/Projects/active/sdd-forge-wt-epic-189/plugins/sdd-quality-loop/scripts/canonicalize-sdd-yaml.py", line 590, in parse_block
    return parse_mapping(lines, i, indent)
  File "/Users/jrmag/Projects/active/sdd-forge-wt-epic-189/plugins/sdd-quality-loop/scripts/canonicalize-sdd-yaml.py", line 671, in parse_mapping
    i = _parse_mapping_entries(lines, i, indent, mapping)
  File "/Users/jrmag/Projects/active/sdd-forge-wt-epic-189/plugins/sdd-quality-loop/scripts/canonicalize-sdd-yaml.py", line 664, in _parse_mapping_entries
    value, i = _resolve_entry_value(lines, i, indent, val_str, line_no)
               ~~~~~~~~~~~~~~~~~~~~^^^^^^^^^^^^^^^^^^^^^^^^^^^^^^^^^^^^
  File "/Users/jrmag/Projects/active/sdd-forge-wt-epic-189/plugins/sdd-quality-loop/scripts/canonicalize-sdd-yaml.py", line 582, in _resolve_entry_value
    return parse_block(lines, i, lines[i].indent)
  File "/Users/jrmag/Projects/active/sdd-forge-wt-epic-189/plugins/sdd-quality-loop/scripts/canonicalize-sdd-yaml.py", line 590, in parse_block
    return parse_mapping(lines, i, indent)
  File "/Users/jrmag/Projects/active/sdd-forge-wt-epic-189/plugins/sdd-quality-loop/scripts/canonicalize-sdd-yaml.py", line 671, in parse_mapping
    i = _parse_mapping_entries(lines, i, indent, mapping)
  File "/Users/jrmag/Projects/active/sdd-forge-wt-epic-189/plugins/sdd-quality-loop/scripts/canonicalize-sdd-yaml.py", line 664, in _parse_mapping_entries
    value, i = _resolve_entry_value(lines, i, indent, val_str, line_no)
               ~~~~~~~~~~~~~~~~~~~~^^^^^^^^^^^^^^^^^^^^^^^^^^^^^^^^^^^^
  File "/Users/jrmag/Projects/active/sdd-forge-wt-epic-189/plugins/sdd-quality-loop/scripts/canonicalize-sdd-yaml.py", line 582, in _resolve_entry_value
    return parse_block(lines, i, lines[i].indent)
  File "/Users/jrmag/Projects/active/sdd-forge-wt-epic-189/plugins/sdd-quality-loop/scripts/canonicalize-sdd-yaml.py", line 590, in parse_block
    return parse_mapping(lines, i, indent)
  File "/Users/jrmag/Projects/active/sdd-forge-wt-epic-189/plugins/sdd-quality-loop/scripts/canonicalize-sdd-yaml.py", line 671, in parse_mapping
    i = _parse_mapping_entries(lines, i, indent, mapping)
  File "/Users/jrmag/Projects/active/sdd-forge-wt-epic-189/plugins/sdd-quality-loop/scripts/canonicalize-sdd-yaml.py", line 664, in _parse_mapping_entries
    value, i = _resolve_entry_value(lines, i, indent, val_str, line_no)
               ~~~~~~~~~~~~~~~~~~~~^^^^^^^^^^^^^^^^^^^^^^^^^^^^^^^^^^^^
  File "/Users/jrmag/Projects/active/sdd-forge-wt-epic-189/plugins/sdd-quality-loop/scripts/canonicalize-sdd-yaml.py", line 582, in _resolve_entry_value
    return parse_block(lines, i, lines[i].indent)
  File "/Users/jrmag/Projects/active/sdd-forge-wt-epic-189/plugins/sdd-quality-loop/scripts/canonicalize-sdd-yaml.py", line 590, in parse_block
    return parse_mapping(lines, i, indent)
  File "/Users/jrmag/Projects/active/sdd-forge-wt-epic-189/plugins/sdd-quality-loop/scripts/canonicalize-sdd-yaml.py", line 671, in parse_mapping
    i = _parse_mapping_entries(lines, i, indent, mapping)
  File "/Users/jrmag/Projects/active/sdd-forge-wt-epic-189/plugins/sdd-quality-loop/scripts/canonicalize-sdd-yaml.py", line 664, in _parse_mapping_entries
    value, i = _resolve_entry_value(lines, i, indent, val_str, line_no)
               ~~~~~~~~~~~~~~~~~~~~^^^^^^^^^^^^^^^^^^^^^^^^^^^^^^^^^^^^
  File "/Users/jrmag/Projects/active/sdd-forge-wt-epic-189/plugins/sdd-quality-loop/scripts/canonicalize-sdd-yaml.py", line 582, in _resolve_entry_value
    return parse_block(lines, i, lines[i].indent)
  File "/Users/jrmag/Projects/active/sdd-forge-wt-epic-189/plugins/sdd-quality-loop/scripts/canonicalize-sdd-yaml.py", line 590, in parse_block
    return parse_mapping(lines, i, indent)
  File "/Users/jrmag/Projects/active/sdd-forge-wt-epic-189/plugins/sdd-quality-loop/scripts/canonicalize-sdd-yaml.py", line 671, in parse_mapping
    i = _parse_mapping_entries(lines, i, indent, mapping)
  File "/Users/jrmag/Projects/active/sdd-forge-wt-epic-189/plugins/sdd-quality-loop/scripts/canonicalize-sdd-yaml.py", line 664, in _parse_mapping_entries
    value, i = _resolve_entry_value(lines, i, indent, val_str, line_no)
               ~~~~~~~~~~~~~~~~~~~~^^^^^^^^^^^^^^^^^^^^^^^^^^^^^^^^^^^^
  File "/Users/jrmag/Projects/active/sdd-forge-wt-epic-189/plugins/sdd-quality-loop/scripts/canonicalize-sdd-yaml.py", line 582, in _resolve_entry_value
    return parse_block(lines, i, lines[i].indent)
  File "/Users/jrmag/Projects/active/sdd-forge-wt-epic-189/plugins/sdd-quality-loop/scripts/canonicalize-sdd-yaml.py", line 590, in parse_block
    return parse_mapping(lines, i, indent)
  File "/Users/jrmag/Projects/active/sdd-forge-wt-epic-189/plugins/sdd-quality-loop/scripts/canonicalize-sdd-yaml.py", line 671, in parse_mapping
    i = _parse_mapping_entries(lines, i, indent, mapping)
  File "/Users/jrmag/Projects/active/sdd-forge-wt-epic-189/plugins/sdd-quality-loop/scripts/canonicalize-sdd-yaml.py", line 664, in _parse_mapping_entries
    value, i = _resolve_entry_value(lines, i, indent, val_str, line_no)
               ~~~~~~~~~~~~~~~~~~~~^^^^^^^^^^^^^^^^^^^^^^^^^^^^^^^^^^^^
  File "/Users/jrmag/Projects/active/sdd-forge-wt-epic-189/plugins/sdd-quality-loop/scripts/canonicalize-sdd-yaml.py", line 582, in _resolve_entry_value
    return parse_block(lines, i, lines[i].indent)
  File "/Users/jrmag/Projects/active/sdd-forge-wt-epic-189/plugins/sdd-quality-loop/scripts/canonicalize-sdd-yaml.py", line 590, in parse_block
    return parse_mapping(lines, i, indent)
  File "/Users/jrmag/Projects/active/sdd-forge-wt-epic-189/plugins/sdd-quality-loop/scripts/canonicalize-sdd-yaml.py", line 671, in parse_mapping
    i = _parse_mapping_entries(lines, i, indent, mapping)
  File "/Users/jrmag/Projects/active/sdd-forge-wt-epic-189/plugins/sdd-quality-loop/scripts/canonicalize-sdd-yaml.py", line 664, in _parse_mapping_entries
    value, i = _resolve_entry_value(lines, i, indent, val_str, line_no)
               ~~~~~~~~~~~~~~~~~~~~^^^^^^^^^^^^^^^^^^^^^^^^^^^^^^^^^^^^
  File "/Users/jrmag/Projects/active/sdd-forge-wt-epic-189/plugins/sdd-quality-loop/scripts/canonicalize-sdd-yaml.py", line 582, in _resolve_entry_value
    return parse_block(lines, i, lines[i].indent)
  File "/Users/jrmag/Projects/active/sdd-forge-wt-epic-189/plugins/sdd-quality-loop/scripts/canonicalize-sdd-yaml.py", line 590, in parse_block
    return parse_mapping(lines, i, indent)
  File "/Users/jrmag/Projects/active/sdd-forge-wt-epic-189/plugins/sdd-quality-loop/scripts/canonicalize-sdd-yaml.py", line 671, in parse_mapping
    i = _parse_mapping_entries(lines, i, indent, mapping)
  File "/Users/jrmag/Projects/active/sdd-forge-wt-epic-189/plugins/sdd-quality-loop/scripts/canonicalize-sdd-yaml.py", line 664, in _parse_mapping_entries
    value, i = _resolve_entry_value(lines, i, indent, val_str, line_no)
               ~~~~~~~~~~~~~~~~~~~~^^^^^^^^^^^^^^^^^^^^^^^^^^^^^^^^^^^^
  File "/Users/jrmag/Projects/active/sdd-forge-wt-epic-189/plugins/sdd-quality-loop/scripts/canonicalize-sdd-yaml.py", line 582, in _resolve_entry_value
    return parse_block(lines, i, lines[i].indent)
  File "/Users/jrmag/Projects/active/sdd-forge-wt-epic-189/plugins/sdd-quality-loop/scripts/canonicalize-sdd-yaml.py", line 590, in parse_block
    return parse_mapping(lines, i, indent)
  File "/Users/jrmag/Projects/active/sdd-forge-wt-epic-189/plugins/sdd-quality-loop/scripts/canonicalize-sdd-yaml.py", line 671, in parse_mapping
    i = _parse_mapping_entries(lines, i, indent, mapping)
  File "/Users/jrmag/Projects/active/sdd-forge-wt-epic-189/plugins/sdd-quality-loop/scripts/canonicalize-sdd-yaml.py", line 664, in _parse_mapping_entries
    value, i = _resolve_entry_value(lines, i, indent, val_str, line_no)
               ~~~~~~~~~~~~~~~~~~~~^^^^^^^^^^^^^^^^^^^^^^^^^^^^^^^^^^^^
  File "/Users/jrmag/Projects/active/sdd-forge-wt-epic-189/plugins/sdd-quality-loop/scripts/canonicalize-sdd-yaml.py", line 582, in _resolve_entry_value
    return parse_block(lines, i, lines[i].indent)
  File "/Users/jrmag/Projects/active/sdd-forge-wt-epic-189/plugins/sdd-quality-loop/scripts/canonicalize-sdd-yaml.py", line 590, in parse_block
    return parse_mapping(lines, i, indent)
  File "/Users/jrmag/Projects/active/sdd-forge-wt-epic-189/plugins/sdd-quality-loop/scripts/canonicalize-sdd-yaml.py", line 671, in parse_mapping
    i = _parse_mapping_entries(lines, i, indent, mapping)
  File "/Users/jrmag/Projects/active/sdd-forge-wt-epic-189/plugins/sdd-quality-loop/scripts/canonicalize-sdd-yaml.py", line 664, in _parse_mapping_entries
    value, i = _resolve_entry_value(lines, i, indent, val_str, line_no)
               ~~~~~~~~~~~~~~~~~~~~^^^^^^^^^^^^^^^^^^^^^^^^^^^^^^^^^^^^
  File "/Users/jrmag/Projects/active/sdd-forge-wt-epic-189/plugins/sdd-quality-loop/scripts/canonicalize-sdd-yaml.py", line 582, in _resolve_entry_value
    return parse_block(lines, i, lines[i].indent)
  File "/Users/jrmag/Projects/active/sdd-forge-wt-epic-189/plugins/sdd-quality-loop/scripts/canonicalize-sdd-yaml.py", line 590, in parse_block
    return parse_mapping(lines, i, indent)
  File "/Users/jrmag/Projects/active/sdd-forge-wt-epic-189/plugins/sdd-quality-loop/scripts/canonicalize-sdd-yaml.py", line 671, in parse_mapping
    i = _parse_mapping_entries(lines, i, indent, mapping)
  File "/Users/jrmag/Projects/active/sdd-forge-wt-epic-189/plugins/sdd-quality-loop/scripts/canonicalize-sdd-yaml.py", line 664, in _parse_mapping_entries
    value, i = _resolve_entry_value(lines, i, indent, val_str, line_no)
               ~~~~~~~~~~~~~~~~~~~~^^^^^^^^^^^^^^^^^^^^^^^^^^^^^^^^^^^^
  File "/Users/jrmag/Projects/active/sdd-forge-wt-epic-189/plugins/sdd-quality-loop/scripts/canonicalize-sdd-yaml.py", line 582, in _resolve_entry_value
    return parse_block(lines, i, lines[i].indent)
  File "/Users/jrmag/Projects/active/sdd-forge-wt-epic-189/plugins/sdd-quality-loop/scripts/canonicalize-sdd-yaml.py", line 590, in parse_block
    return parse_mapping(lines, i, indent)
  File "/Users/jrmag/Projects/active/sdd-forge-wt-epic-189/plugins/sdd-quality-loop/scripts/canonicalize-sdd-yaml.py", line 671, in parse_mapping
    i = _parse_mapping_entries(lines, i, indent, mapping)
  File "/Users/jrmag/Projects/active/sdd-forge-wt-epic-189/plugins/sdd-quality-loop/scripts/canonicalize-sdd-yaml.py", line 664, in _parse_mapping_entries
    value, i = _resolve_entry_value(lines, i, indent, val_str, line_no)
               ~~~~~~~~~~~~~~~~~~~~^^^^^^^^^^^^^^^^^^^^^^^^^^^^^^^^^^^^
  File "/Users/jrmag/Projects/active/sdd-forge-wt-epic-189/plugins/sdd-quality-loop/scripts/canonicalize-sdd-yaml.py", line 582, in _resolve_entry_value
    return parse_block(lines, i, lines[i].indent)
  File "/Users/jrmag/Projects/active/sdd-forge-wt-epic-189/plugins/sdd-quality-loop/scripts/canonicalize-sdd-yaml.py", line 590, in parse_block
    return parse_mapping(lines, i, indent)
  File "/Users/jrmag/Projects/active/sdd-forge-wt-epic-189/plugins/sdd-quality-loop/scripts/canonicalize-sdd-yaml.py", line 671, in parse_mapping
    i = _parse_mapping_entries(lines, i, indent, mapping)
  File "/Users/jrmag/Projects/active/sdd-forge-wt-epic-189/plugins/sdd-quality-loop/scripts/canonicalize-sdd-yaml.py", line 664, in _parse_mapping_entries
    value, i = _resolve_entry_value(lines, i, indent, val_str, line_no)
               ~~~~~~~~~~~~~~~~~~~~^^^^^^^^^^^^^^^^^^^^^^^^^^^^^^^^^^^^
  File "/Users/jrmag/Projects/active/sdd-forge-wt-epic-189/plugins/sdd-quality-loop/scripts/canonicalize-sdd-yaml.py", line 582, in _resolve_entry_value
    return parse_block(lines, i, lines[i].indent)
  File "/Users/jrmag/Projects/active/sdd-forge-wt-epic-189/plugins/sdd-quality-loop/scripts/canonicalize-sdd-yaml.py", line 590, in parse_block
    return parse_mapping(lines, i, indent)
  File "/Users/jrmag/Projects/active/sdd-forge-wt-epic-189/plugins/sdd-quality-loop/scripts/canonicalize-sdd-yaml.py", line 671, in parse_mapping
    i = _parse_mapping_entries(lines, i, indent, mapping)
  File "/Users/jrmag/Projects/active/sdd-forge-wt-epic-189/plugins/sdd-quality-loop/scripts/canonicalize-sdd-yaml.py", line 664, in _parse_mapping_entries
    value, i = _resolve_entry_value(lines, i, indent, val_str, line_no)
               ~~~~~~~~~~~~~~~~~~~~^^^^^^^^^^^^^^^^^^^^^^^^^^^^^^^^^^^^
  File "/Users/jrmag/Projects/active/sdd-forge-wt-epic-189/plugins/sdd-quality-loop/scripts/canonicalize-sdd-yaml.py", line 582, in _resolve_entry_value
    return parse_block(lines, i, lines[i].indent)
  File "/Users/jrmag/Projects/active/sdd-forge-wt-epic-189/plugins/sdd-quality-loop/scripts/canonicalize-sdd-yaml.py", line 590, in parse_block
    return parse_mapping(lines, i, indent)
  File "/Users/jrmag/Projects/active/sdd-forge-wt-epic-189/plugins/sdd-quality-loop/scripts/canonicalize-sdd-yaml.py", line 671, in parse_mapping
    i = _parse_mapping_entries(lines, i, indent, mapping)
  File "/Users/jrmag/Projects/active/sdd-forge-wt-epic-189/plugins/sdd-quality-loop/scripts/canonicalize-sdd-yaml.py", line 664, in _parse_mapping_entries
    value, i = _resolve_entry_value(lines, i, indent, val_str, line_no)
               ~~~~~~~~~~~~~~~~~~~~^^^^^^^^^^^^^^^^^^^^^^^^^^^^^^^^^^^^
  File "/Users/jrmag/Projects/active/sdd-forge-wt-epic-189/plugins/sdd-quality-loop/scripts/canonicalize-sdd-yaml.py", line 582, in _resolve_entry_value
    return parse_block(lines, i, lines[i].indent)
  File "/Users/jrmag/Projects/active/sdd-forge-wt-epic-189/plugins/sdd-quality-loop/scripts/canonicalize-sdd-yaml.py", line 590, in parse_block
    return parse_mapping(lines, i, indent)
  File "/Users/jrmag/Projects/active/sdd-forge-wt-epic-189/plugins/sdd-quality-loop/scripts/canonicalize-sdd-yaml.py", line 671, in parse_mapping
    i = _parse_mapping_entries(lines, i, indent, mapping)
  File "/Users/jrmag/Projects/active/sdd-forge-wt-epic-189/plugins/sdd-quality-loop/scripts/canonicalize-sdd-yaml.py", line 664, in _parse_mapping_entries
    value, i = _resolve_entry_value(lines, i, indent, val_str, line_no)
               ~~~~~~~~~~~~~~~~~~~~^^^^^^^^^^^^^^^^^^^^^^^^^^^^^^^^^^^^
  File "/Users/jrmag/Projects/active/sdd-forge-wt-epic-189/plugins/sdd-quality-loop/scripts/canonicalize-sdd-yaml.py", line 582, in _resolve_entry_value
    return parse_block(lines, i, lines[i].indent)
  File "/Users/jrmag/Projects/active/sdd-forge-wt-epic-189/plugins/sdd-quality-loop/scripts/canonicalize-sdd-yaml.py", line 590, in parse_block
    return parse_mapping(lines, i, indent)
  File "/Users/jrmag/Projects/active/sdd-forge-wt-epic-189/plugins/sdd-quality-loop/scripts/canonicalize-sdd-yaml.py", line 671, in parse_mapping
    i = _parse_mapping_entries(lines, i, indent, mapping)
  File "/Users/jrmag/Projects/active/sdd-forge-wt-epic-189/plugins/sdd-quality-loop/scripts/canonicalize-sdd-yaml.py", line 664, in _parse_mapping_entries
    value, i = _resolve_entry_value(lines, i, indent, val_str, line_no)
               ~~~~~~~~~~~~~~~~~~~~^^^^^^^^^^^^^^^^^^^^^^^^^^^^^^^^^^^^
  File "/Users/jrmag/Projects/active/sdd-forge-wt-epic-189/plugins/sdd-quality-loop/scripts/canonicalize-sdd-yaml.py", line 582, in _resolve_entry_value
    return parse_block(lines, i, lines[i].indent)
  File "/Users/jrmag/Projects/active/sdd-forge-wt-epic-189/plugins/sdd-quality-loop/scripts/canonicalize-sdd-yaml.py", line 590, in parse_block
    return parse_mapping(lines, i, indent)
  File "/Users/jrmag/Projects/active/sdd-forge-wt-epic-189/plugins/sdd-quality-loop/scripts/canonicalize-sdd-yaml.py", line 671, in parse_mapping
    i = _parse_mapping_entries(lines, i, indent, mapping)
  File "/Users/jrmag/Projects/active/sdd-forge-wt-epic-189/plugins/sdd-quality-loop/scripts/canonicalize-sdd-yaml.py", line 664, in _parse_mapping_entries
    value, i = _resolve_entry_value(lines, i, indent, val_str, line_no)
               ~~~~~~~~~~~~~~~~~~~~^^^^^^^^^^^^^^^^^^^^^^^^^^^^^^^^^^^^
  File "/Users/jrmag/Projects/active/sdd-forge-wt-epic-189/plugins/sdd-quality-loop/scripts/canonicalize-sdd-yaml.py", line 582, in _resolve_entry_value
    return parse_block(lines, i, lines[i].indent)
  File "/Users/jrmag/Projects/active/sdd-forge-wt-epic-189/plugins/sdd-quality-loop/scripts/canonicalize-sdd-yaml.py", line 590, in parse_block
    return parse_mapping(lines, i, indent)
  File "/Users/jrmag/Projects/active/sdd-forge-wt-epic-189/plugins/sdd-quality-loop/scripts/canonicalize-sdd-yaml.py", line 671, in parse_mapping
    i = _parse_mapping_entries(lines, i, indent, mapping)
  File "/Users/jrmag/Projects/active/sdd-forge-wt-epic-189/plugins/sdd-quality-loop/scripts/canonicalize-sdd-yaml.py", line 664, in _parse_mapping_entries
    value, i = _resolve_entry_value(lines, i, indent, val_str, line_no)
               ~~~~~~~~~~~~~~~~~~~~^^^^^^^^^^^^^^^^^^^^^^^^^^^^^^^^^^^^
  File "/Users/jrmag/Projects/active/sdd-forge-wt-epic-189/plugins/sdd-quality-loop/scripts/canonicalize-sdd-yaml.py", line 582, in _resolve_entry_value
    return parse_block(lines, i, lines[i].indent)
  File "/Users/jrmag/Projects/active/sdd-forge-wt-epic-189/plugins/sdd-quality-loop/scripts/canonicalize-sdd-yaml.py", line 590, in parse_block
    return parse_mapping(lines, i, indent)
  File "/Users/jrmag/Projects/active/sdd-forge-wt-epic-189/plugins/sdd-quality-loop/scripts/canonicalize-sdd-yaml.py", line 671, in parse_mapping
    i = _parse_mapping_entries(lines, i, indent, mapping)
  File "/Users/jrmag/Projects/active/sdd-forge-wt-epic-189/plugins/sdd-quality-loop/scripts/canonicalize-sdd-yaml.py", line 664, in _parse_mapping_entries
    value, i = _resolve_entry_value(lines, i, indent, val_str, line_no)
               ~~~~~~~~~~~~~~~~~~~~^^^^^^^^^^^^^^^^^^^^^^^^^^^^^^^^^^^^
  File "/Users/jrmag/Projects/active/sdd-forge-wt-epic-189/plugins/sdd-quality-loop/scripts/canonicalize-sdd-yaml.py", line 582, in _resolve_entry_value
    return parse_block(lines, i, lines[i].indent)
  File "/Users/jrmag/Projects/active/sdd-forge-wt-epic-189/plugins/sdd-quality-loop/scripts/canonicalize-sdd-yaml.py", line 590, in parse_block
    return parse_mapping(lines, i, indent)
  File "/Users/jrmag/Projects/active/sdd-forge-wt-epic-189/plugins/sdd-quality-loop/scripts/canonicalize-sdd-yaml.py", line 671, in parse_mapping
    i = _parse_mapping_entries(lines, i, indent, mapping)
  File "/Users/jrmag/Projects/active/sdd-forge-wt-epic-189/plugins/sdd-quality-loop/scripts/canonicalize-sdd-yaml.py", line 664, in _parse_mapping_entries
    value, i = _resolve_entry_value(lines, i, indent, val_str, line_no)
               ~~~~~~~~~~~~~~~~~~~~^^^^^^^^^^^^^^^^^^^^^^^^^^^^^^^^^^^^
  File "/Users/jrmag/Projects/active/sdd-forge-wt-epic-189/plugins/sdd-quality-loop/scripts/canonicalize-sdd-yaml.py", line 582, in _resolve_entry_value
    return parse_block(lines, i, lines[i].indent)
  File "/Users/jrmag/Projects/active/sdd-forge-wt-epic-189/plugins/sdd-quality-loop/scripts/canonicalize-sdd-yaml.py", line 590, in parse_block
    return parse_mapping(lines, i, indent)
  File "/Users/jrmag/Projects/active/sdd-forge-wt-epic-189/plugins/sdd-quality-loop/scripts/canonicalize-sdd-yaml.py", line 671, in parse_mapping
    i = _parse_mapping_entries(lines, i, indent, mapping)
  File "/Users/jrmag/Projects/active/sdd-forge-wt-epic-189/plugins/sdd-quality-loop/scripts/canonicalize-sdd-yaml.py", line 664, in _parse_mapping_entries
    value, i = _resolve_entry_value(lines, i, indent, val_str, line_no)
               ~~~~~~~~~~~~~~~~~~~~^^^^^^^^^^^^^^^^^^^^^^^^^^^^^^^^^^^^
  File "/Users/jrmag/Projects/active/sdd-forge-wt-epic-189/plugins/sdd-quality-loop/scripts/canonicalize-sdd-yaml.py", line 582, in _resolve_entry_value
    return parse_block(lines, i, lines[i].indent)
  File "/Users/jrmag/Projects/active/sdd-forge-wt-epic-189/plugins/sdd-quality-loop/scripts/canonicalize-sdd-yaml.py", line 590, in parse_block
    return parse_mapping(lines, i, indent)
  File "/Users/jrmag/Projects/active/sdd-forge-wt-epic-189/plugins/sdd-quality-loop/scripts/canonicalize-sdd-yaml.py", line 671, in parse_mapping
    i = _parse_mapping_entries(lines, i, indent, mapping)
  File "/Users/jrmag/Projects/active/sdd-forge-wt-epic-189/plugins/sdd-quality-loop/scripts/canonicalize-sdd-yaml.py", line 664, in _parse_mapping_entries
    value, i = _resolve_entry_value(lines, i, indent, val_str, line_no)
               ~~~~~~~~~~~~~~~~~~~~^^^^^^^^^^^^^^^^^^^^^^^^^^^^^^^^^^^^
  File "/Users/jrmag/Projects/active/sdd-forge-wt-epic-189/plugins/sdd-quality-loop/scripts/canonicalize-sdd-yaml.py", line 582, in _resolve_entry_value
    return parse_block(lines, i, lines[i].indent)
  File "/Users/jrmag/Projects/active/sdd-forge-wt-epic-189/plugins/sdd-quality-loop/scripts/canonicalize-sdd-yaml.py", line 590, in parse_block
    return parse_mapping(lines, i, indent)
  File "/Users/jrmag/Projects/active/sdd-forge-wt-epic-189/plugins/sdd-quality-loop/scripts/canonicalize-sdd-yaml.py", line 671, in parse_mapping
    i = _parse_mapping_entries(lines, i, indent, mapping)
  File "/Users/jrmag/Projects/active/sdd-forge-wt-epic-189/plugins/sdd-quality-loop/scripts/canonicalize-sdd-yaml.py", line 664, in _parse_mapping_entries
    value, i = _resolve_entry_value(lines, i, indent, val_str, line_no)
               ~~~~~~~~~~~~~~~~~~~~^^^^^^^^^^^^^^^^^^^^^^^^^^^^^^^^^^^^
  File "/Users/jrmag/Projects/active/sdd-forge-wt-epic-189/plugins/sdd-quality-loop/scripts/canonicalize-sdd-yaml.py", line 582, in _resolve_entry_value
    return parse_block(lines, i, lines[i].indent)
  File "/Users/jrmag/Projects/active/sdd-forge-wt-epic-189/plugins/sdd-quality-loop/scripts/canonicalize-sdd-yaml.py", line 590, in parse_block
    return parse_mapping(lines, i, indent)
  File "/Users/jrmag/Projects/active/sdd-forge-wt-epic-189/plugins/sdd-quality-loop/scripts/canonicalize-sdd-yaml.py", line 671, in parse_mapping
    i = _parse_mapping_entries(lines, i, indent, mapping)
  File "/Users/jrmag/Projects/active/sdd-forge-wt-epic-189/plugins/sdd-quality-loop/scripts/canonicalize-sdd-yaml.py", line 664, in _parse_mapping_entries
    value, i = _resolve_entry_value(lines, i, indent, val_str, line_no)
               ~~~~~~~~~~~~~~~~~~~~^^^^^^^^^^^^^^^^^^^^^^^^^^^^^^^^^^^^
  File "/Users/jrmag/Projects/active/sdd-forge-wt-epic-189/plugins/sdd-quality-loop/scripts/canonicalize-sdd-yaml.py", line 582, in _resolve_entry_value
    return parse_block(lines, i, lines[i].indent)
  File "/Users/jrmag/Projects/active/sdd-forge-wt-epic-189/plugins/sdd-quality-loop/scripts/canonicalize-sdd-yaml.py", line 590, in parse_block
    return parse_mapping(lines, i, indent)
  File "/Users/jrmag/Projects/active/sdd-forge-wt-epic-189/plugins/sdd-quality-loop/scripts/canonicalize-sdd-yaml.py", line 671, in parse_mapping
    i = _parse_mapping_entries(lines, i, indent, mapping)
  File "/Users/jrmag/Projects/active/sdd-forge-wt-epic-189/plugins/sdd-quality-loop/scripts/canonicalize-sdd-yaml.py", line 664, in _parse_mapping_entries
    value, i = _resolve_entry_value(lines, i, indent, val_str, line_no)
               ~~~~~~~~~~~~~~~~~~~~^^^^^^^^^^^^^^^^^^^^^^^^^^^^^^^^^^^^
  File "/Users/jrmag/Projects/active/sdd-forge-wt-epic-189/plugins/sdd-quality-loop/scripts/canonicalize-sdd-yaml.py", line 582, in _resolve_entry_value
    return parse_block(lines, i, lines[i].indent)
  File "/Users/jrmag/Projects/active/sdd-forge-wt-epic-189/plugins/sdd-quality-loop/scripts/canonicalize-sdd-yaml.py", line 590, in parse_block
    return parse_mapping(lines, i, indent)
  File "/Users/jrmag/Projects/active/sdd-forge-wt-epic-189/plugins/sdd-quality-loop/scripts/canonicalize-sdd-yaml.py", line 671, in parse_mapping
    i = _parse_mapping_entries(lines, i, indent, mapping)
  File "/Users/jrmag/Projects/active/sdd-forge-wt-epic-189/plugins/sdd-quality-loop/scripts/canonicalize-sdd-yaml.py", line 664, in _parse_mapping_entries
    value, i = _resolve_entry_value(lines, i, indent, val_str, line_no)
               ~~~~~~~~~~~~~~~~~~~~^^^^^^^^^^^^^^^^^^^^^^^^^^^^^^^^^^^^
  File "/Users/jrmag/Projects/active/sdd-forge-wt-epic-189/plugins/sdd-quality-loop/scripts/canonicalize-sdd-yaml.py", line 582, in _resolve_entry_value
    return parse_block(lines, i, lines[i].indent)
  File "/Users/jrmag/Projects/active/sdd-forge-wt-epic-189/plugins/sdd-quality-loop/scripts/canonicalize-sdd-yaml.py", line 590, in parse_block
    return parse_mapping(lines, i, indent)
  File "/Users/jrmag/Projects/active/sdd-forge-wt-epic-189/plugins/sdd-quality-loop/scripts/canonicalize-sdd-yaml.py", line 671, in parse_mapping
    i = _parse_mapping_entries(lines, i, indent, mapping)
  File "/Users/jrmag/Projects/active/sdd-forge-wt-epic-189/plugins/sdd-quality-loop/scripts/canonicalize-sdd-yaml.py", line 664, in _parse_mapping_entries
    value, i = _resolve_entry_value(lines, i, indent, val_str, line_no)
               ~~~~~~~~~~~~~~~~~~~~^^^^^^^^^^^^^^^^^^^^^^^^^^^^^^^^^^^^
  File "/Users/jrmag/Projects/active/sdd-forge-wt-epic-189/plugins/sdd-quality-loop/scripts/canonicalize-sdd-yaml.py", line 582, in _resolve_entry_value
    return parse_block(lines, i, lines[i].indent)
  File "/Users/jrmag/Projects/active/sdd-forge-wt-epic-189/plugins/sdd-quality-loop/scripts/canonicalize-sdd-yaml.py", line 590, in parse_block
    return parse_mapping(lines, i, indent)
  File "/Users/jrmag/Projects/active/sdd-forge-wt-epic-189/plugins/sdd-quality-loop/scripts/canonicalize-sdd-yaml.py", line 671, in parse_mapping
    i = _parse_mapping_entries(lines, i, indent, mapping)
  File "/Users/jrmag/Projects/active/sdd-forge-wt-epic-189/plugins/sdd-quality-loop/scripts/canonicalize-sdd-yaml.py", line 664, in _parse_mapping_entries
    value, i = _resolve_entry_value(lines, i, indent, val_str, line_no)
               ~~~~~~~~~~~~~~~~~~~~^^^^^^^^^^^^^^^^^^^^^^^^^^^^^^^^^^^^
  File "/Users/jrmag/Projects/active/sdd-forge-wt-epic-189/plugins/sdd-quality-loop/scripts/canonicalize-sdd-yaml.py", line 582, in _resolve_entry_value
    return parse_block(lines, i, lines[i].indent)
  File "/Users/jrmag/Projects/active/sdd-forge-wt-epic-189/plugins/sdd-quality-loop/scripts/canonicalize-sdd-yaml.py", line 590, in parse_block
    return parse_mapping(lines, i, indent)
  File "/Users/jrmag/Projects/active/sdd-forge-wt-epic-189/plugins/sdd-quality-loop/scripts/canonicalize-sdd-yaml.py", line 671, in parse_mapping
    i = _parse_mapping_entries(lines, i, indent, mapping)
  File "/Users/jrmag/Projects/active/sdd-forge-wt-epic-189/plugins/sdd-quality-loop/scripts/canonicalize-sdd-yaml.py", line 664, in _parse_mapping_entries
    value, i = _resolve_entry_value(lines, i, indent, val_str, line_no)
               ~~~~~~~~~~~~~~~~~~~~^^^^^^^^^^^^^^^^^^^^^^^^^^^^^^^^^^^^
  File "/Users/jrmag/Projects/active/sdd-forge-wt-epic-189/plugins/sdd-quality-loop/scripts/canonicalize-sdd-yaml.py", line 582, in _resolve_entry_value
    return parse_block(lines, i, lines[i].indent)
  File "/Users/jrmag/Projects/active/sdd-forge-wt-epic-189/plugins/sdd-quality-loop/scripts/canonicalize-sdd-yaml.py", line 590, in parse_block
    return parse_mapping(lines, i, indent)
  File "/Users/jrmag/Projects/active/sdd-forge-wt-epic-189/plugins/sdd-quality-loop/scripts/canonicalize-sdd-yaml.py", line 671, in parse_mapping
    i = _parse_mapping_entries(lines, i, indent, mapping)
  File "/Users/jrmag/Projects/active/sdd-forge-wt-epic-189/plugins/sdd-quality-loop/scripts/canonicalize-sdd-yaml.py", line 664, in _parse_mapping_entries
    value, i = _resolve_entry_value(lines, i, indent, val_str, line_no)
               ~~~~~~~~~~~~~~~~~~~~^^^^^^^^^^^^^^^^^^^^^^^^^^^^^^^^^^^^
  File "/Users/jrmag/Projects/active/sdd-forge-wt-epic-189/plugins/sdd-quality-loop/scripts/canonicalize-sdd-yaml.py", line 582, in _resolve_entry_value
    return parse_block(lines, i, lines[i].indent)
  File "/Users/jrmag/Projects/active/sdd-forge-wt-epic-189/plugins/sdd-quality-loop/scripts/canonicalize-sdd-yaml.py", line 590, in parse_block
    return parse_mapping(lines, i, indent)
  File "/Users/jrmag/Projects/active/sdd-forge-wt-epic-189/plugins/sdd-quality-loop/scripts/canonicalize-sdd-yaml.py", line 671, in parse_mapping
    i = _parse_mapping_entries(lines, i, indent, mapping)
  File "/Users/jrmag/Projects/active/sdd-forge-wt-epic-189/plugins/sdd-quality-loop/scripts/canonicalize-sdd-yaml.py", line 664, in _parse_mapping_entries
    value, i = _resolve_entry_value(lines, i, indent, val_str, line_no)
               ~~~~~~~~~~~~~~~~~~~~^^^^^^^^^^^^^^^^^^^^^^^^^^^^^^^^^^^^
  File "/Users/jrmag/Projects/active/sdd-forge-wt-epic-189/plugins/sdd-quality-loop/scripts/canonicalize-sdd-yaml.py", line 582, in _resolve_entry_value
    return parse_block(lines, i, lines[i].indent)
  File "/Users/jrmag/Projects/active/sdd-forge-wt-epic-189/plugins/sdd-quality-loop/scripts/canonicalize-sdd-yaml.py", line 590, in parse_block
    return parse_mapping(lines, i, indent)
  File "/Users/jrmag/Projects/active/sdd-forge-wt-epic-189/plugins/sdd-quality-loop/scripts/canonicalize-sdd-yaml.py", line 671, in parse_mapping
    i = _parse_mapping_entries(lines, i, indent, mapping)
  File "/Users/jrmag/Projects/active/sdd-forge-wt-epic-189/plugins/sdd-quality-loop/scripts/canonicalize-sdd-yaml.py", line 664, in _parse_mapping_entries
    value, i = _resolve_entry_value(lines, i, indent, val_str, line_no)
               ~~~~~~~~~~~~~~~~~~~~^^^^^^^^^^^^^^^^^^^^^^^^^^^^^^^^^^^^
  File "/Users/jrmag/Projects/active/sdd-forge-wt-epic-189/plugins/sdd-quality-loop/scripts/canonicalize-sdd-yaml.py", line 582, in _resolve_entry_value
    return parse_block(lines, i, lines[i].indent)
  File "/Users/jrmag/Projects/active/sdd-forge-wt-epic-189/plugins/sdd-quality-loop/scripts/canonicalize-sdd-yaml.py", line 590, in parse_block
    return parse_mapping(lines, i, indent)
  File "/Users/jrmag/Projects/active/sdd-forge-wt-epic-189/plugins/sdd-quality-loop/scripts/canonicalize-sdd-yaml.py", line 671, in parse_mapping
    i = _parse_mapping_entries(lines, i, indent, mapping)
  File "/Users/jrmag/Projects/active/sdd-forge-wt-epic-189/plugins/sdd-quality-loop/scripts/canonicalize-sdd-yaml.py", line 664, in _parse_mapping_entries
    value, i = _resolve_entry_value(lines, i, indent, val_str, line_no)
               ~~~~~~~~~~~~~~~~~~~~^^^^^^^^^^^^^^^^^^^^^^^^^^^^^^^^^^^^
  File "/Users/jrmag/Projects/active/sdd-forge-wt-epic-189/plugins/sdd-quality-loop/scripts/canonicalize-sdd-yaml.py", line 582, in _resolve_entry_value
    return parse_block(lines, i, lines[i].indent)
  File "/Users/jrmag/Projects/active/sdd-forge-wt-epic-189/plugins/sdd-quality-loop/scripts/canonicalize-sdd-yaml.py", line 590, in parse_block
    return parse_mapping(lines, i, indent)
  File "/Users/jrmag/Projects/active/sdd-forge-wt-epic-189/plugins/sdd-quality-loop/scripts/canonicalize-sdd-yaml.py", line 671, in parse_mapping
    i = _parse_mapping_entries(lines, i, indent, mapping)
  File "/Users/jrmag/Projects/active/sdd-forge-wt-epic-189/plugins/sdd-quality-loop/scripts/canonicalize-sdd-yaml.py", line 664, in _parse_mapping_entries
    value, i = _resolve_entry_value(lines, i, indent, val_str, line_no)
               ~~~~~~~~~~~~~~~~~~~~^^^^^^^^^^^^^^^^^^^^^^^^^^^^^^^^^^^^
  File "/Users/jrmag/Projects/active/sdd-forge-wt-epic-189/plugins/sdd-quality-loop/scripts/canonicalize-sdd-yaml.py", line 582, in _resolve_entry_value
    return parse_block(lines, i, lines[i].indent)
  File "/Users/jrmag/Projects/active/sdd-forge-wt-epic-189/plugins/sdd-quality-loop/scripts/canonicalize-sdd-yaml.py", line 590, in parse_block
    return parse_mapping(lines, i, indent)
  File "/Users/jrmag/Projects/active/sdd-forge-wt-epic-189/plugins/sdd-quality-loop/scripts/canonicalize-sdd-yaml.py", line 671, in parse_mapping
    i = _parse_mapping_entries(lines, i, indent, mapping)
  File "/Users/jrmag/Projects/active/sdd-forge-wt-epic-189/plugins/sdd-quality-loop/scripts/canonicalize-sdd-yaml.py", line 664, in _parse_mapping_entries
    value, i = _resolve_entry_value(lines, i, indent, val_str, line_no)
               ~~~~~~~~~~~~~~~~~~~~^^^^^^^^^^^^^^^^^^^^^^^^^^^^^^^^^^^^
  File "/Users/jrmag/Projects/active/sdd-forge-wt-epic-189/plugins/sdd-quality-loop/scripts/canonicalize-sdd-yaml.py", line 582, in _resolve_entry_value
    return parse_block(lines, i, lines[i].indent)
  File "/Users/jrmag/Projects/active/sdd-forge-wt-epic-189/plugins/sdd-quality-loop/scripts/canonicalize-sdd-yaml.py", line 590, in parse_block
    return parse_mapping(lines, i, indent)
  File "/Users/jrmag/Projects/active/sdd-forge-wt-epic-189/plugins/sdd-quality-loop/scripts/canonicalize-sdd-yaml.py", line 671, in parse_mapping
    i = _parse_mapping_entries(lines, i, indent, mapping)
  File "/Users/jrmag/Projects/active/sdd-forge-wt-epic-189/plugins/sdd-quality-loop/scripts/canonicalize-sdd-yaml.py", line 664, in _parse_mapping_entries
    value, i = _resolve_entry_value(lines, i, indent, val_str, line_no)
               ~~~~~~~~~~~~~~~~~~~~^^^^^^^^^^^^^^^^^^^^^^^^^^^^^^^^^^^^
  File "/Users/jrmag/Projects/active/sdd-forge-wt-epic-189/plugins/sdd-quality-loop/scripts/canonicalize-sdd-yaml.py", line 582, in _resolve_entry_value
    return parse_block(lines, i, lines[i].indent)
  File "/Users/jrmag/Projects/active/sdd-forge-wt-epic-189/plugins/sdd-quality-loop/scripts/canonicalize-sdd-yaml.py", line 590, in parse_block
    return parse_mapping(lines, i, indent)
  File "/Users/jrmag/Projects/active/sdd-forge-wt-epic-189/plugins/sdd-quality-loop/scripts/canonicalize-sdd-yaml.py", line 671, in parse_mapping
    i = _parse_mapping_entries(lines, i, indent, mapping)
  File "/Users/jrmag/Projects/active/sdd-forge-wt-epic-189/plugins/sdd-quality-loop/scripts/canonicalize-sdd-yaml.py", line 664, in _parse_mapping_entries
    value, i = _resolve_entry_value(lines, i, indent, val_str, line_no)
               ~~~~~~~~~~~~~~~~~~~~^^^^^^^^^^^^^^^^^^^^^^^^^^^^^^^^^^^^
  File "/Users/jrmag/Projects/active/sdd-forge-wt-epic-189/plugins/sdd-quality-loop/scripts/canonicalize-sdd-yaml.py", line 582, in _resolve_entry_value
    return parse_block(lines, i, lines[i].indent)
  File "/Users/jrmag/Projects/active/sdd-forge-wt-epic-189/plugins/sdd-quality-loop/scripts/canonicalize-sdd-yaml.py", line 590, in parse_block
    return parse_mapping(lines, i, indent)
  File "/Users/jrmag/Projects/active/sdd-forge-wt-epic-189/plugins/sdd-quality-loop/scripts/canonicalize-sdd-yaml.py", line 671, in parse_mapping
    i = _parse_mapping_entries(lines, i, indent, mapping)
  File "/Users/jrmag/Projects/active/sdd-forge-wt-epic-189/plugins/sdd-quality-loop/scripts/canonicalize-sdd-yaml.py", line 664, in _parse_mapping_entries
    value, i = _resolve_entry_value(lines, i, indent, val_str, line_no)
               ~~~~~~~~~~~~~~~~~~~~^^^^^^^^^^^^^^^^^^^^^^^^^^^^^^^^^^^^
  File "/Users/jrmag/Projects/active/sdd-forge-wt-epic-189/plugins/sdd-quality-loop/scripts/canonicalize-sdd-yaml.py", line 582, in _resolve_entry_value
    return parse_block(lines, i, lines[i].indent)
  File "/Users/jrmag/Projects/active/sdd-forge-wt-epic-189/plugins/sdd-quality-loop/scripts/canonicalize-sdd-yaml.py", line 590, in parse_block
    return parse_mapping(lines, i, indent)
  File "/Users/jrmag/Projects/active/sdd-forge-wt-epic-189/plugins/sdd-quality-loop/scripts/canonicalize-sdd-yaml.py", line 671, in parse_mapping
    i = _parse_mapping_entries(lines, i, indent, mapping)
  File "/Users/jrmag/Projects/active/sdd-forge-wt-epic-189/plugins/sdd-quality-loop/scripts/canonicalize-sdd-yaml.py", line 664, in _parse_mapping_entries
    value, i = _resolve_entry_value(lines, i, indent, val_str, line_no)
               ~~~~~~~~~~~~~~~~~~~~^^^^^^^^^^^^^^^^^^^^^^^^^^^^^^^^^^^^
  File "/Users/jrmag/Projects/active/sdd-forge-wt-epic-189/plugins/sdd-quality-loop/scripts/canonicalize-sdd-yaml.py", line 582, in _resolve_entry_value
    return parse_block(lines, i, lines[i].indent)
  File "/Users/jrmag/Projects/active/sdd-forge-wt-epic-189/plugins/sdd-quality-loop/scripts/canonicalize-sdd-yaml.py", line 590, in parse_block
    return parse_mapping(lines, i, indent)
  File "/Users/jrmag/Projects/active/sdd-forge-wt-epic-189/plugins/sdd-quality-loop/scripts/canonicalize-sdd-yaml.py", line 671, in parse_mapping
    i = _parse_mapping_entries(lines, i, indent, mapping)
  File "/Users/jrmag/Projects/active/sdd-forge-wt-epic-189/plugins/sdd-quality-loop/scripts/canonicalize-sdd-yaml.py", line 664, in _parse_mapping_entries
    value, i = _resolve_entry_value(lines, i, indent, val_str, line_no)
               ~~~~~~~~~~~~~~~~~~~~^^^^^^^^^^^^^^^^^^^^^^^^^^^^^^^^^^^^
  File "/Users/jrmag/Projects/active/sdd-forge-wt-epic-189/plugins/sdd-quality-loop/scripts/canonicalize-sdd-yaml.py", line 582, in _resolve_entry_value
    return parse_block(lines, i, lines[i].indent)
  File "/Users/jrmag/Projects/active/sdd-forge-wt-epic-189/plugins/sdd-quality-loop/scripts/canonicalize-sdd-yaml.py", line 590, in parse_block
    return parse_mapping(lines, i, indent)
  File "/Users/jrmag/Projects/active/sdd-forge-wt-epic-189/plugins/sdd-quality-loop/scripts/canonicalize-sdd-yaml.py", line 671, in parse_mapping
    i = _parse_mapping_entries(lines, i, indent, mapping)
  File "/Users/jrmag/Projects/active/sdd-forge-wt-epic-189/plugins/sdd-quality-loop/scripts/canonicalize-sdd-yaml.py", line 664, in _parse_mapping_entries
    value, i = _resolve_entry_value(lines, i, indent, val_str, line_no)
               ~~~~~~~~~~~~~~~~~~~~^^^^^^^^^^^^^^^^^^^^^^^^^^^^^^^^^^^^
  File "/Users/jrmag/Projects/active/sdd-forge-wt-epic-189/plugins/sdd-quality-loop/scripts/canonicalize-sdd-yaml.py", line 582, in _resolve_entry_value
    return parse_block(lines, i, lines[i].indent)
  File "/Users/jrmag/Projects/active/sdd-forge-wt-epic-189/plugins/sdd-quality-loop/scripts/canonicalize-sdd-yaml.py", line 590, in parse_block
    return parse_mapping(lines, i, indent)
  File "/Users/jrmag/Projects/active/sdd-forge-wt-epic-189/plugins/sdd-quality-loop/scripts/canonicalize-sdd-yaml.py", line 671, in parse_mapping
    i = _parse_mapping_entries(lines, i, indent, mapping)
  File "/Users/jrmag/Projects/active/sdd-forge-wt-epic-189/plugins/sdd-quality-loop/scripts/canonicalize-sdd-yaml.py", line 664, in _parse_mapping_entries
    value, i = _resolve_entry_value(lines, i, indent, val_str, line_no)
               ~~~~~~~~~~~~~~~~~~~~^^^^^^^^^^^^^^^^^^^^^^^^^^^^^^^^^^^^
  File "/Users/jrmag/Projects/active/sdd-forge-wt-epic-189/plugins/sdd-quality-loop/scripts/canonicalize-sdd-yaml.py", line 582, in _resolve_entry_value
    return parse_block(lines, i, lines[i].indent)
  File "/Users/jrmag/Projects/active/sdd-forge-wt-epic-189/plugins/sdd-quality-loop/scripts/canonicalize-sdd-yaml.py", line 590, in parse_block
    return parse_mapping(lines, i, indent)
  File "/Users/jrmag/Projects/active/sdd-forge-wt-epic-189/plugins/sdd-quality-loop/scripts/canonicalize-sdd-yaml.py", line 671, in parse_mapping
    i = _parse_mapping_entries(lines, i, indent, mapping)
  File "/Users/jrmag/Projects/active/sdd-forge-wt-epic-189/plugins/sdd-quality-loop/scripts/canonicalize-sdd-yaml.py", line 664, in _parse_mapping_entries
    value, i = _resolve_entry_value(lines, i, indent, val_str, line_no)
               ~~~~~~~~~~~~~~~~~~~~^^^^^^^^^^^^^^^^^^^^^^^^^^^^^^^^^^^^
  File "/Users/jrmag/Projects/active/sdd-forge-wt-epic-189/plugins/sdd-quality-loop/scripts/canonicalize-sdd-yaml.py", line 582, in _resolve_entry_value
    return parse_block(lines, i, lines[i].indent)
  File "/Users/jrmag/Projects/active/sdd-forge-wt-epic-189/plugins/sdd-quality-loop/scripts/canonicalize-sdd-yaml.py", line 590, in parse_block
    return parse_mapping(lines, i, indent)
  File "/Users/jrmag/Projects/active/sdd-forge-wt-epic-189/plugins/sdd-quality-loop/scripts/canonicalize-sdd-yaml.py", line 671, in parse_mapping
    i = _parse_mapping_entries(lines, i, indent, mapping)
  File "/Users/jrmag/Projects/active/sdd-forge-wt-epic-189/plugins/sdd-quality-loop/scripts/canonicalize-sdd-yaml.py", line 664, in _parse_mapping_entries
    value, i = _resolve_entry_value(lines, i, indent, val_str, line_no)
               ~~~~~~~~~~~~~~~~~~~~^^^^^^^^^^^^^^^^^^^^^^^^^^^^^^^^^^^^
  File "/Users/jrmag/Projects/active/sdd-forge-wt-epic-189/plugins/sdd-quality-loop/scripts/canonicalize-sdd-yaml.py", line 582, in _resolve_entry_value
    return parse_block(lines, i, lines[i].indent)
  File "/Users/jrmag/Projects/active/sdd-forge-wt-epic-189/plugins/sdd-quality-loop/scripts/canonicalize-sdd-yaml.py", line 590, in parse_block
    return parse_mapping(lines, i, indent)
  File "/Users/jrmag/Projects/active/sdd-forge-wt-epic-189/plugins/sdd-quality-loop/scripts/canonicalize-sdd-yaml.py", line 671, in parse_mapping
    i = _parse_mapping_entries(lines, i, indent, mapping)
  File "/Users/jrmag/Projects/active/sdd-forge-wt-epic-189/plugins/sdd-quality-loop/scripts/canonicalize-sdd-yaml.py", line 664, in _parse_mapping_entries
    value, i = _resolve_entry_value(lines, i, indent, val_str, line_no)
               ~~~~~~~~~~~~~~~~~~~~^^^^^^^^^^^^^^^^^^^^^^^^^^^^^^^^^^^^
  File "/Users/jrmag/Projects/active/sdd-forge-wt-epic-189/plugins/sdd-quality-loop/scripts/canonicalize-sdd-yaml.py", line 582, in _resolve_entry_value
    return parse_block(lines, i, lines[i].indent)
  File "/Users/jrmag/Projects/active/sdd-forge-wt-epic-189/plugins/sdd-quality-loop/scripts/canonicalize-sdd-yaml.py", line 590, in parse_block
    return parse_mapping(lines, i, indent)
  File "/Users/jrmag/Projects/active/sdd-forge-wt-epic-189/plugins/sdd-quality-loop/scripts/canonicalize-sdd-yaml.py", line 671, in parse_mapping
    i = _parse_mapping_entries(lines, i, indent, mapping)
  File "/Users/jrmag/Projects/active/sdd-forge-wt-epic-189/plugins/sdd-quality-loop/scripts/canonicalize-sdd-yaml.py", line 664, in _parse_mapping_entries
    value, i = _resolve_entry_value(lines, i, indent, val_str, line_no)
               ~~~~~~~~~~~~~~~~~~~~^^^^^^^^^^^^^^^^^^^^^^^^^^^^^^^^^^^^
  File "/Users/jrmag/Projects/active/sdd-forge-wt-epic-189/plugins/sdd-quality-loop/scripts/canonicalize-sdd-yaml.py", line 582, in _resolve_entry_value
    return parse_block(lines, i, lines[i].indent)
  File "/Users/jrmag/Projects/active/sdd-forge-wt-epic-189/plugins/sdd-quality-loop/scripts/canonicalize-sdd-yaml.py", line 590, in parse_block
    return parse_mapping(lines, i, indent)
  File "/Users/jrmag/Projects/active/sdd-forge-wt-epic-189/plugins/sdd-quality-loop/scripts/canonicalize-sdd-yaml.py", line 671, in parse_mapping
    i = _parse_mapping_entries(lines, i, indent, mapping)
  File "/Users/jrmag/Projects/active/sdd-forge-wt-epic-189/plugins/sdd-quality-loop/scripts/canonicalize-sdd-yaml.py", line 664, in _parse_mapping_entries
    value, i = _resolve_entry_value(lines, i, indent, val_str, line_no)
               ~~~~~~~~~~~~~~~~~~~~^^^^^^^^^^^^^^^^^^^^^^^^^^^^^^^^^^^^
  File "/Users/jrmag/Projects/active/sdd-forge-wt-epic-189/plugins/sdd-quality-loop/scripts/canonicalize-sdd-yaml.py", line 582, in _resolve_entry_value
    return parse_block(lines, i, lines[i].indent)
  File "/Users/jrmag/Projects/active/sdd-forge-wt-epic-189/plugins/sdd-quality-loop/scripts/canonicalize-sdd-yaml.py", line 590, in parse_block
    return parse_mapping(lines, i, indent)
  File "/Users/jrmag/Projects/active/sdd-forge-wt-epic-189/plugins/sdd-quality-loop/scripts/canonicalize-sdd-yaml.py", line 671, in parse_mapping
    i = _parse_mapping_entries(lines, i, indent, mapping)
  File "/Users/jrmag/Projects/active/sdd-forge-wt-epic-189/plugins/sdd-quality-loop/scripts/canonicalize-sdd-yaml.py", line 664, in _parse_mapping_entries
    value, i = _resolve_entry_value(lines, i, indent, val_str, line_no)
               ~~~~~~~~~~~~~~~~~~~~^^^^^^^^^^^^^^^^^^^^^^^^^^^^^^^^^^^^
  File "/Users/jrmag/Projects/active/sdd-forge-wt-epic-189/plugins/sdd-quality-loop/scripts/canonicalize-sdd-yaml.py", line 582, in _resolve_entry_value
    return parse_block(lines, i, lines[i].indent)
  File "/Users/jrmag/Projects/active/sdd-forge-wt-epic-189/plugins/sdd-quality-loop/scripts/canonicalize-sdd-yaml.py", line 590, in parse_block
    return parse_mapping(lines, i, indent)
  File "/Users/jrmag/Projects/active/sdd-forge-wt-epic-189/plugins/sdd-quality-loop/scripts/canonicalize-sdd-yaml.py", line 671, in parse_mapping
    i = _parse_mapping_entries(lines, i, indent, mapping)
  File "/Users/jrmag/Projects/active/sdd-forge-wt-epic-189/plugins/sdd-quality-loop/scripts/canonicalize-sdd-yaml.py", line 664, in _parse_mapping_entries
    value, i = _resolve_entry_value(lines, i, indent, val_str, line_no)
               ~~~~~~~~~~~~~~~~~~~~^^^^^^^^^^^^^^^^^^^^^^^^^^^^^^^^^^^^
  File "/Users/jrmag/Projects/active/sdd-forge-wt-epic-189/plugins/sdd-quality-loop/scripts/canonicalize-sdd-yaml.py", line 582, in _resolve_entry_value
    return parse_block(lines, i, lines[i].indent)
  File "/Users/jrmag/Projects/active/sdd-forge-wt-epic-189/plugins/sdd-quality-loop/scripts/canonicalize-sdd-yaml.py", line 590, in parse_block
    return parse_mapping(lines, i, indent)
  File "/Users/jrmag/Projects/active/sdd-forge-wt-epic-189/plugins/sdd-quality-loop/scripts/canonicalize-sdd-yaml.py", line 671, in parse_mapping
    i = _parse_mapping_entries(lines, i, indent, mapping)
  File "/Users/jrmag/Projects/active/sdd-forge-wt-epic-189/plugins/sdd-quality-loop/scripts/canonicalize-sdd-yaml.py", line 664, in _parse_mapping_entries
    value, i = _resolve_entry_value(lines, i, indent, val_str, line_no)
               ~~~~~~~~~~~~~~~~~~~~^^^^^^^^^^^^^^^^^^^^^^^^^^^^^^^^^^^^
  File "/Users/jrmag/Projects/active/sdd-forge-wt-epic-189/plugins/sdd-quality-loop/scripts/canonicalize-sdd-yaml.py", line 582, in _resolve_entry_value
    return parse_block(lines, i, lines[i].indent)
  File "/Users/jrmag/Projects/active/sdd-forge-wt-epic-189/plugins/sdd-quality-loop/scripts/canonicalize-sdd-yaml.py", line 590, in parse_block
    return parse_mapping(lines, i, indent)
  File "/Users/jrmag/Projects/active/sdd-forge-wt-epic-189/plugins/sdd-quality-loop/scripts/canonicalize-sdd-yaml.py", line 671, in parse_mapping
    i = _parse_mapping_entries(lines, i, indent, mapping)
  File "/Users/jrmag/Projects/active/sdd-forge-wt-epic-189/plugins/sdd-quality-loop/scripts/canonicalize-sdd-yaml.py", line 664, in _parse_mapping_entries
    value, i = _resolve_entry_value(lines, i, indent, val_str, line_no)
               ~~~~~~~~~~~~~~~~~~~~^^^^^^^^^^^^^^^^^^^^^^^^^^^^^^^^^^^^
  File "/Users/jrmag/Projects/active/sdd-forge-wt-epic-189/plugins/sdd-quality-loop/scripts/canonicalize-sdd-yaml.py", line 582, in _resolve_entry_value
    return parse_block(lines, i, lines[i].indent)
  File "/Users/jrmag/Projects/active/sdd-forge-wt-epic-189/plugins/sdd-quality-loop/scripts/canonicalize-sdd-yaml.py", line 590, in parse_block
    return parse_mapping(lines, i, indent)
  File "/Users/jrmag/Projects/active/sdd-forge-wt-epic-189/plugins/sdd-quality-loop/scripts/canonicalize-sdd-yaml.py", line 671, in parse_mapping
    i = _parse_mapping_entries(lines, i, indent, mapping)
  File "/Users/jrmag/Projects/active/sdd-forge-wt-epic-189/plugins/sdd-quality-loop/scripts/canonicalize-sdd-yaml.py", line 664, in _parse_mapping_entries
    value, i = _resolve_entry_value(lines, i, indent, val_str, line_no)
               ~~~~~~~~~~~~~~~~~~~~^^^^^^^^^^^^^^^^^^^^^^^^^^^^^^^^^^^^
  File "/Users/jrmag/Projects/active/sdd-forge-wt-epic-189/plugins/sdd-quality-loop/scripts/canonicalize-sdd-yaml.py", line 582, in _resolve_entry_value
    return parse_block(lines, i, lines[i].indent)
  File "/Users/jrmag/Projects/active/sdd-forge-wt-epic-189/plugins/sdd-quality-loop/scripts/canonicalize-sdd-yaml.py", line 590, in parse_block
    return parse_mapping(lines, i, indent)
  File "/Users/jrmag/Projects/active/sdd-forge-wt-epic-189/plugins/sdd-quality-loop/scripts/canonicalize-sdd-yaml.py", line 671, in parse_mapping
    i = _parse_mapping_entries(lines, i, indent, mapping)
  File "/Users/jrmag/Projects/active/sdd-forge-wt-epic-189/plugins/sdd-quality-loop/scripts/canonicalize-sdd-yaml.py", line 664, in _parse_mapping_entries
    value, i = _resolve_entry_value(lines, i, indent, val_str, line_no)
               ~~~~~~~~~~~~~~~~~~~~^^^^^^^^^^^^^^^^^^^^^^^^^^^^^^^^^^^^
  File "/Users/jrmag/Projects/active/sdd-forge-wt-epic-189/plugins/sdd-quality-loop/scripts/canonicalize-sdd-yaml.py", line 582, in _resolve_entry_value
    return parse_block(lines, i, lines[i].indent)
  File "/Users/jrmag/Projects/active/sdd-forge-wt-epic-189/plugins/sdd-quality-loop/scripts/canonicalize-sdd-yaml.py", line 590, in parse_block
    return parse_mapping(lines, i, indent)
  File "/Users/jrmag/Projects/active/sdd-forge-wt-epic-189/plugins/sdd-quality-loop/scripts/canonicalize-sdd-yaml.py", line 671, in parse_mapping
    i = _parse_mapping_entries(lines, i, indent, mapping)
  File "/Users/jrmag/Projects/active/sdd-forge-wt-epic-189/plugins/sdd-quality-loop/scripts/canonicalize-sdd-yaml.py", line 664, in _parse_mapping_entries
    value, i = _resolve_entry_value(lines, i, indent, val_str, line_no)
               ~~~~~~~~~~~~~~~~~~~~^^^^^^^^^^^^^^^^^^^^^^^^^^^^^^^^^^^^
  File "/Users/jrmag/Projects/active/sdd-forge-wt-epic-189/plugins/sdd-quality-loop/scripts/canonicalize-sdd-yaml.py", line 582, in _resolve_entry_value
    return parse_block(lines, i, lines[i].indent)
  File "/Users/jrmag/Projects/active/sdd-forge-wt-epic-189/plugins/sdd-quality-loop/scripts/canonicalize-sdd-yaml.py", line 590, in parse_block
    return parse_mapping(lines, i, indent)
  File "/Users/jrmag/Projects/active/sdd-forge-wt-epic-189/plugins/sdd-quality-loop/scripts/canonicalize-sdd-yaml.py", line 671, in parse_mapping
    i = _parse_mapping_entries(lines, i, indent, mapping)
  File "/Users/jrmag/Projects/active/sdd-forge-wt-epic-189/plugins/sdd-quality-loop/scripts/canonicalize-sdd-yaml.py", line 664, in _parse_mapping_entries
    value, i = _resolve_entry_value(lines, i, indent, val_str, line_no)
               ~~~~~~~~~~~~~~~~~~~~^^^^^^^^^^^^^^^^^^^^^^^^^^^^^^^^^^^^
  File "/Users/jrmag/Projects/active/sdd-forge-wt-epic-189/plugins/sdd-quality-loop/scripts/canonicalize-sdd-yaml.py", line 582, in _resolve_entry_value
    return parse_block(lines, i, lines[i].indent)
  File "/Users/jrmag/Projects/active/sdd-forge-wt-epic-189/plugins/sdd-quality-loop/scripts/canonicalize-sdd-yaml.py", line 590, in parse_block
    return parse_mapping(lines, i, indent)
  File "/Users/jrmag/Projects/active/sdd-forge-wt-epic-189/plugins/sdd-quality-loop/scripts/canonicalize-sdd-yaml.py", line 671, in parse_mapping
    i = _parse_mapping_entries(lines, i, indent, mapping)
  File "/Users/jrmag/Projects/active/sdd-forge-wt-epic-189/plugins/sdd-quality-loop/scripts/canonicalize-sdd-yaml.py", line 664, in _parse_mapping_entries
    value, i = _resolve_entry_value(lines, i, indent, val_str, line_no)
               ~~~~~~~~~~~~~~~~~~~~^^^^^^^^^^^^^^^^^^^^^^^^^^^^^^^^^^^^
  File "/Users/jrmag/Projects/active/sdd-forge-wt-epic-189/plugins/sdd-quality-loop/scripts/canonicalize-sdd-yaml.py", line 582, in _resolve_entry_value
    return parse_block(lines, i, lines[i].indent)
  File "/Users/jrmag/Projects/active/sdd-forge-wt-epic-189/plugins/sdd-quality-loop/scripts/canonicalize-sdd-yaml.py", line 590, in parse_block
    return parse_mapping(lines, i, indent)
  File "/Users/jrmag/Projects/active/sdd-forge-wt-epic-189/plugins/sdd-quality-loop/scripts/canonicalize-sdd-yaml.py", line 671, in parse_mapping
    i = _parse_mapping_entries(lines, i, indent, mapping)
  File "/Users/jrmag/Projects/active/sdd-forge-wt-epic-189/plugins/sdd-quality-loop/scripts/canonicalize-sdd-yaml.py", line 664, in _parse_mapping_entries
    value, i = _resolve_entry_value(lines, i, indent, val_str, line_no)
               ~~~~~~~~~~~~~~~~~~~~^^^^^^^^^^^^^^^^^^^^^^^^^^^^^^^^^^^^
  File "/Users/jrmag/Projects/active/sdd-forge-wt-epic-189/plugins/sdd-quality-loop/scripts/canonicalize-sdd-yaml.py", line 582, in _resolve_entry_value
    return parse_block(lines, i, lines[i].indent)
  File "/Users/jrmag/Projects/active/sdd-forge-wt-epic-189/plugins/sdd-quality-loop/scripts/canonicalize-sdd-yaml.py", line 590, in parse_block
    return parse_mapping(lines, i, indent)
  File "/Users/jrmag/Projects/active/sdd-forge-wt-epic-189/plugins/sdd-quality-loop/scripts/canonicalize-sdd-yaml.py", line 671, in parse_mapping
    i = _parse_mapping_entries(lines, i, indent, mapping)
  File "/Users/jrmag/Projects/active/sdd-forge-wt-epic-189/plugins/sdd-quality-loop/scripts/canonicalize-sdd-yaml.py", line 664, in _parse_mapping_entries
    value, i = _resolve_entry_value(lines, i, indent, val_str, line_no)
               ~~~~~~~~~~~~~~~~~~~~^^^^^^^^^^^^^^^^^^^^^^^^^^^^^^^^^^^^
  File "/Users/jrmag/Projects/active/sdd-forge-wt-epic-189/plugins/sdd-quality-loop/scripts/canonicalize-sdd-yaml.py", line 582, in _resolve_entry_value
    return parse_block(lines, i, lines[i].indent)
  File "/Users/jrmag/Projects/active/sdd-forge-wt-epic-189/plugins/sdd-quality-loop/scripts/canonicalize-sdd-yaml.py", line 590, in parse_block
    return parse_mapping(lines, i, indent)
  File "/Users/jrmag/Projects/active/sdd-forge-wt-epic-189/plugins/sdd-quality-loop/scripts/canonicalize-sdd-yaml.py", line 671, in parse_mapping
    i = _parse_mapping_entries(lines, i, indent, mapping)
  File "/Users/jrmag/Projects/active/sdd-forge-wt-epic-189/plugins/sdd-quality-loop/scripts/canonicalize-sdd-yaml.py", line 664, in _parse_mapping_entries
    value, i = _resolve_entry_value(lines, i, indent, val_str, line_no)
               ~~~~~~~~~~~~~~~~~~~~^^^^^^^^^^^^^^^^^^^^^^^^^^^^^^^^^^^^
  File "/Users/jrmag/Projects/active/sdd-forge-wt-epic-189/plugins/sdd-quality-loop/scripts/canonicalize-sdd-yaml.py", line 582, in _resolve_entry_value
    return parse_block(lines, i, lines[i].indent)
  File "/Users/jrmag/Projects/active/sdd-forge-wt-epic-189/plugins/sdd-quality-loop/scripts/canonicalize-sdd-yaml.py", line 590, in parse_block
    return parse_mapping(lines, i, indent)
  File "/Users/jrmag/Projects/active/sdd-forge-wt-epic-189/plugins/sdd-quality-loop/scripts/canonicalize-sdd-yaml.py", line 671, in parse_mapping
    i = _parse_mapping_entries(lines, i, indent, mapping)
  File "/Users/jrmag/Projects/active/sdd-forge-wt-epic-189/plugins/sdd-quality-loop/scripts/canonicalize-sdd-yaml.py", line 664, in _parse_mapping_entries
    value, i = _resolve_entry_value(lines, i, indent, val_str, line_no)
               ~~~~~~~~~~~~~~~~~~~~^^^^^^^^^^^^^^^^^^^^^^^^^^^^^^^^^^^^
  File "/Users/jrmag/Projects/active/sdd-forge-wt-epic-189/plugins/sdd-quality-loop/scripts/canonicalize-sdd-yaml.py", line 582, in _resolve_entry_value
    return parse_block(lines, i, lines[i].indent)
  File "/Users/jrmag/Projects/active/sdd-forge-wt-epic-189/plugins/sdd-quality-loop/scripts/canonicalize-sdd-yaml.py", line 590, in parse_block
    return parse_mapping(lines, i, indent)
  File "/Users/jrmag/Projects/active/sdd-forge-wt-epic-189/plugins/sdd-quality-loop/scripts/canonicalize-sdd-yaml.py", line 671, in parse_mapping
    i = _parse_mapping_entries(lines, i, indent, mapping)
  File "/Users/jrmag/Projects/active/sdd-forge-wt-epic-189/plugins/sdd-quality-loop/scripts/canonicalize-sdd-yaml.py", line 664, in _parse_mapping_entries
    value, i = _resolve_entry_value(lines, i, indent, val_str, line_no)
               ~~~~~~~~~~~~~~~~~~~~^^^^^^^^^^^^^^^^^^^^^^^^^^^^^^^^^^^^
  File "/Users/jrmag/Projects/active/sdd-forge-wt-epic-189/plugins/sdd-quality-loop/scripts/canonicalize-sdd-yaml.py", line 582, in _resolve_entry_value
    return parse_block(lines, i, lines[i].indent)
  File "/Users/jrmag/Projects/active/sdd-forge-wt-epic-189/plugins/sdd-quality-loop/scripts/canonicalize-sdd-yaml.py", line 590, in parse_block
    return parse_mapping(lines, i, indent)
  File "/Users/jrmag/Projects/active/sdd-forge-wt-epic-189/plugins/sdd-quality-loop/scripts/canonicalize-sdd-yaml.py", line 671, in parse_mapping
    i = _parse_mapping_entries(lines, i, indent, mapping)
  File "/Users/jrmag/Projects/active/sdd-forge-wt-epic-189/plugins/sdd-quality-loop/scripts/canonicalize-sdd-yaml.py", line 664, in _parse_mapping_entries
    value, i = _resolve_entry_value(lines, i, indent, val_str, line_no)
               ~~~~~~~~~~~~~~~~~~~~^^^^^^^^^^^^^^^^^^^^^^^^^^^^^^^^^^^^
  File "/Users/jrmag/Projects/active/sdd-forge-wt-epic-189/plugins/sdd-quality-loop/scripts/canonicalize-sdd-yaml.py", line 582, in _resolve_entry_value
    return parse_block(lines, i, lines[i].indent)
  File "/Users/jrmag/Projects/active/sdd-forge-wt-epic-189/plugins/sdd-quality-loop/scripts/canonicalize-sdd-yaml.py", line 590, in parse_block
    return parse_mapping(lines, i, indent)
  File "/Users/jrmag/Projects/active/sdd-forge-wt-epic-189/plugins/sdd-quality-loop/scripts/canonicalize-sdd-yaml.py", line 671, in parse_mapping
    i = _parse_mapping_entries(lines, i, indent, mapping)
  File "/Users/jrmag/Projects/active/sdd-forge-wt-epic-189/plugins/sdd-quality-loop/scripts/canonicalize-sdd-yaml.py", line 664, in _parse_mapping_entries
    value, i = _resolve_entry_value(lines, i, indent, val_str, line_no)
               ~~~~~~~~~~~~~~~~~~~~^^^^^^^^^^^^^^^^^^^^^^^^^^^^^^^^^^^^
  File "/Users/jrmag/Projects/active/sdd-forge-wt-epic-189/plugins/sdd-quality-loop/scripts/canonicalize-sdd-yaml.py", line 582, in _resolve_entry_value
    return parse_block(lines, i, lines[i].indent)
  File "/Users/jrmag/Projects/active/sdd-forge-wt-epic-189/plugins/sdd-quality-loop/scripts/canonicalize-sdd-yaml.py", line 590, in parse_block
    return parse_mapping(lines, i, indent)
  File "/Users/jrmag/Projects/active/sdd-forge-wt-epic-189/plugins/sdd-quality-loop/scripts/canonicalize-sdd-yaml.py", line 671, in parse_mapping
    i = _parse_mapping_entries(lines, i, indent, mapping)
  File "/Users/jrmag/Projects/active/sdd-forge-wt-epic-189/plugins/sdd-quality-loop/scripts/canonicalize-sdd-yaml.py", line 664, in _parse_mapping_entries
    value, i = _resolve_entry_value(lines, i, indent, val_str, line_no)
               ~~~~~~~~~~~~~~~~~~~~^^^^^^^^^^^^^^^^^^^^^^^^^^^^^^^^^^^^
  File "/Users/jrmag/Projects/active/sdd-forge-wt-epic-189/plugins/sdd-quality-loop/scripts/canonicalize-sdd-yaml.py", line 582, in _resolve_entry_value
    return parse_block(lines, i, lines[i].indent)
  File "/Users/jrmag/Projects/active/sdd-forge-wt-epic-189/plugins/sdd-quality-loop/scripts/canonicalize-sdd-yaml.py", line 590, in parse_block
    return parse_mapping(lines, i, indent)
  File "/Users/jrmag/Projects/active/sdd-forge-wt-epic-189/plugins/sdd-quality-loop/scripts/canonicalize-sdd-yaml.py", line 671, in parse_mapping
    i = _parse_mapping_entries(lines, i, indent, mapping)
  File "/Users/jrmag/Projects/active/sdd-forge-wt-epic-189/plugins/sdd-quality-loop/scripts/canonicalize-sdd-yaml.py", line 664, in _parse_mapping_entries
    value, i = _resolve_entry_value(lines, i, indent, val_str, line_no)
               ~~~~~~~~~~~~~~~~~~~~^^^^^^^^^^^^^^^^^^^^^^^^^^^^^^^^^^^^
  File "/Users/jrmag/Projects/active/sdd-forge-wt-epic-189/plugins/sdd-quality-loop/scripts/canonicalize-sdd-yaml.py", line 582, in _resolve_entry_value
    return parse_block(lines, i, lines[i].indent)
  File "/Users/jrmag/Projects/active/sdd-forge-wt-epic-189/plugins/sdd-quality-loop/scripts/canonicalize-sdd-yaml.py", line 590, in parse_block
    return parse_mapping(lines, i, indent)
  File "/Users/jrmag/Projects/active/sdd-forge-wt-epic-189/plugins/sdd-quality-loop/scripts/canonicalize-sdd-yaml.py", line 671, in parse_mapping
    i = _parse_mapping_entries(lines, i, indent, mapping)
  File "/Users/jrmag/Projects/active/sdd-forge-wt-epic-189/plugins/sdd-quality-loop/scripts/canonicalize-sdd-yaml.py", line 664, in _parse_mapping_entries
    value, i = _resolve_entry_value(lines, i, indent, val_str, line_no)
               ~~~~~~~~~~~~~~~~~~~~^^^^^^^^^^^^^^^^^^^^^^^^^^^^^^^^^^^^
  File "/Users/jrmag/Projects/active/sdd-forge-wt-epic-189/plugins/sdd-quality-loop/scripts/canonicalize-sdd-yaml.py", line 582, in _resolve_entry_value
    return parse_block(lines, i, lines[i].indent)
  File "/Users/jrmag/Projects/active/sdd-forge-wt-epic-189/plugins/sdd-quality-loop/scripts/canonicalize-sdd-yaml.py", line 590, in parse_block
    return parse_mapping(lines, i, indent)
  File "/Users/jrmag/Projects/active/sdd-forge-wt-epic-189/plugins/sdd-quality-loop/scripts/canonicalize-sdd-yaml.py", line 671, in parse_mapping
    i = _parse_mapping_entries(lines, i, indent, mapping)
  File "/Users/jrmag/Projects/active/sdd-forge-wt-epic-189/plugins/sdd-quality-loop/scripts/canonicalize-sdd-yaml.py", line 664, in _parse_mapping_entries
    value, i = _resolve_entry_value(lines, i, indent, val_str, line_no)
               ~~~~~~~~~~~~~~~~~~~~^^^^^^^^^^^^^^^^^^^^^^^^^^^^^^^^^^^^
  File "/Users/jrmag/Projects/active/sdd-forge-wt-epic-189/plugins/sdd-quality-loop/scripts/canonicalize-sdd-yaml.py", line 582, in _resolve_entry_value
    return parse_block(lines, i, lines[i].indent)
  File "/Users/jrmag/Projects/active/sdd-forge-wt-epic-189/plugins/sdd-quality-loop/scripts/canonicalize-sdd-yaml.py", line 590, in parse_block
    return parse_mapping(lines, i, indent)
  File "/Users/jrmag/Projects/active/sdd-forge-wt-epic-189/plugins/sdd-quality-loop/scripts/canonicalize-sdd-yaml.py", line 671, in parse_mapping
    i = _parse_mapping_entries(lines, i, indent, mapping)
  File "/Users/jrmag/Projects/active/sdd-forge-wt-epic-189/plugins/sdd-quality-loop/scripts/canonicalize-sdd-yaml.py", line 664, in _parse_mapping_entries
    value, i = _resolve_entry_value(lines, i, indent, val_str, line_no)
               ~~~~~~~~~~~~~~~~~~~~^^^^^^^^^^^^^^^^^^^^^^^^^^^^^^^^^^^^
  File "/Users/jrmag/Projects/active/sdd-forge-wt-epic-189/plugins/sdd-quality-loop/scripts/canonicalize-sdd-yaml.py", line 582, in _resolve_entry_value
    return parse_block(lines, i, lines[i].indent)
  File "/Users/jrmag/Projects/active/sdd-forge-wt-epic-189/plugins/sdd-quality-loop/scripts/canonicalize-sdd-yaml.py", line 590, in parse_block
    return parse_mapping(lines, i, indent)
  File "/Users/jrmag/Projects/active/sdd-forge-wt-epic-189/plugins/sdd-quality-loop/scripts/canonicalize-sdd-yaml.py", line 671, in parse_mapping
    i = _parse_mapping_entries(lines, i, indent, mapping)
  File "/Users/jrmag/Projects/active/sdd-forge-wt-epic-189/plugins/sdd-quality-loop/scripts/canonicalize-sdd-yaml.py", line 664, in _parse_mapping_entries
    value, i = _resolve_entry_value(lines, i, indent, val_str, line_no)
               ~~~~~~~~~~~~~~~~~~~~^^^^^^^^^^^^^^^^^^^^^^^^^^^^^^^^^^^^
  File "/Users/jrmag/Projects/active/sdd-forge-wt-epic-189/plugins/sdd-quality-loop/scripts/canonicalize-sdd-yaml.py", line 582, in _resolve_entry_value
    return parse_block(lines, i, lines[i].indent)
  File "/Users/jrmag/Projects/active/sdd-forge-wt-epic-189/plugins/sdd-quality-loop/scripts/canonicalize-sdd-yaml.py", line 590, in parse_block
    return parse_mapping(lines, i, indent)
  File "/Users/jrmag/Projects/active/sdd-forge-wt-epic-189/plugins/sdd-quality-loop/scripts/canonicalize-sdd-yaml.py", line 671, in parse_mapping
    i = _parse_mapping_entries(lines, i, indent, mapping)
  File "/Users/jrmag/Projects/active/sdd-forge-wt-epic-189/plugins/sdd-quality-loop/scripts/canonicalize-sdd-yaml.py", line 664, in _parse_mapping_entries
    value, i = _resolve_entry_value(lines, i, indent, val_str, line_no)
               ~~~~~~~~~~~~~~~~~~~~^^^^^^^^^^^^^^^^^^^^^^^^^^^^^^^^^^^^
  File "/Users/jrmag/Projects/active/sdd-forge-wt-epic-189/plugins/sdd-quality-loop/scripts/canonicalize-sdd-yaml.py", line 582, in _resolve_entry_value
    return parse_block(lines, i, lines[i].indent)
  File "/Users/jrmag/Projects/active/sdd-forge-wt-epic-189/plugins/sdd-quality-loop/scripts/canonicalize-sdd-yaml.py", line 590, in parse_block
    return parse_mapping(lines, i, indent)
  File "/Users/jrmag/Projects/active/sdd-forge-wt-epic-189/plugins/sdd-quality-loop/scripts/canonicalize-sdd-yaml.py", line 671, in parse_mapping
    i = _parse_mapping_entries(lines, i, indent, mapping)
  File "/Users/jrmag/Projects/active/sdd-forge-wt-epic-189/plugins/sdd-quality-loop/scripts/canonicalize-sdd-yaml.py", line 664, in _parse_mapping_entries
    value, i = _resolve_entry_value(lines, i, indent, val_str, line_no)
               ~~~~~~~~~~~~~~~~~~~~^^^^^^^^^^^^^^^^^^^^^^^^^^^^^^^^^^^^
  File "/Users/jrmag/Projects/active/sdd-forge-wt-epic-189/plugins/sdd-quality-loop/scripts/canonicalize-sdd-yaml.py", line 582, in _resolve_entry_value
    return parse_block(lines, i, lines[i].indent)
  File "/Users/jrmag/Projects/active/sdd-forge-wt-epic-189/plugins/sdd-quality-loop/scripts/canonicalize-sdd-yaml.py", line 590, in parse_block
    return parse_mapping(lines, i, indent)
  File "/Users/jrmag/Projects/active/sdd-forge-wt-epic-189/plugins/sdd-quality-loop/scripts/canonicalize-sdd-yaml.py", line 671, in parse_mapping
    i = _parse_mapping_entries(lines, i, indent, mapping)
  File "/Users/jrmag/Projects/active/sdd-forge-wt-epic-189/plugins/sdd-quality-loop/scripts/canonicalize-sdd-yaml.py", line 664, in _parse_mapping_entries
    value, i = _resolve_entry_value(lines, i, indent, val_str, line_no)
               ~~~~~~~~~~~~~~~~~~~~^^^^^^^^^^^^^^^^^^^^^^^^^^^^^^^^^^^^
  File "/Users/jrmag/Projects/active/sdd-forge-wt-epic-189/plugins/sdd-quality-loop/scripts/canonicalize-sdd-yaml.py", line 582, in _resolve_entry_value
    return parse_block(lines, i, lines[i].indent)
  File "/Users/jrmag/Projects/active/sdd-forge-wt-epic-189/plugins/sdd-quality-loop/scripts/canonicalize-sdd-yaml.py", line 590, in parse_block
    return parse_mapping(lines, i, indent)
  File "/Users/jrmag/Projects/active/sdd-forge-wt-epic-189/plugins/sdd-quality-loop/scripts/canonicalize-sdd-yaml.py", line 671, in parse_mapping
    i = _parse_mapping_entries(lines, i, indent, mapping)
  File "/Users/jrmag/Projects/active/sdd-forge-wt-epic-189/plugins/sdd-quality-loop/scripts/canonicalize-sdd-yaml.py", line 664, in _parse_mapping_entries
    value, i = _resolve_entry_value(lines, i, indent, val_str, line_no)
               ~~~~~~~~~~~~~~~~~~~~^^^^^^^^^^^^^^^^^^^^^^^^^^^^^^^^^^^^
  File "/Users/jrmag/Projects/active/sdd-forge-wt-epic-189/plugins/sdd-quality-loop/scripts/canonicalize-sdd-yaml.py", line 582, in _resolve_entry_value
    return parse_block(lines, i, lines[i].indent)
  File "/Users/jrmag/Projects/active/sdd-forge-wt-epic-189/plugins/sdd-quality-loop/scripts/canonicalize-sdd-yaml.py", line 590, in parse_block
    return parse_mapping(lines, i, indent)
  File "/Users/jrmag/Projects/active/sdd-forge-wt-epic-189/plugins/sdd-quality-loop/scripts/canonicalize-sdd-yaml.py", line 671, in parse_mapping
    i = _parse_mapping_entries(lines, i, indent, mapping)
  File "/Users/jrmag/Projects/active/sdd-forge-wt-epic-189/plugins/sdd-quality-loop/scripts/canonicalize-sdd-yaml.py", line 664, in _parse_mapping_entries
    value, i = _resolve_entry_value(lines, i, indent, val_str, line_no)
               ~~~~~~~~~~~~~~~~~~~~^^^^^^^^^^^^^^^^^^^^^^^^^^^^^^^^^^^^
  File "/Users/jrmag/Projects/active/sdd-forge-wt-epic-189/plugins/sdd-quality-loop/scripts/canonicalize-sdd-yaml.py", line 582, in _resolve_entry_value
    return parse_block(lines, i, lines[i].indent)
  File "/Users/jrmag/Projects/active/sdd-forge-wt-epic-189/plugins/sdd-quality-loop/scripts/canonicalize-sdd-yaml.py", line 590, in parse_block
    return parse_mapping(lines, i, indent)
  File "/Users/jrmag/Projects/active/sdd-forge-wt-epic-189/plugins/sdd-quality-loop/scripts/canonicalize-sdd-yaml.py", line 671, in parse_mapping
    i = _parse_mapping_entries(lines, i, indent, mapping)
  File "/Users/jrmag/Projects/active/sdd-forge-wt-epic-189/plugins/sdd-quality-loop/scripts/canonicalize-sdd-yaml.py", line 664, in _parse_mapping_entries
    value, i = _resolve_entry_value(lines, i, indent, val_str, line_no)
               ~~~~~~~~~~~~~~~~~~~~^^^^^^^^^^^^^^^^^^^^^^^^^^^^^^^^^^^^
  File "/Users/jrmag/Projects/active/sdd-forge-wt-epic-189/plugins/sdd-quality-loop/scripts/canonicalize-sdd-yaml.py", line 582, in _resolve_entry_value
    return parse_block(lines, i, lines[i].indent)
  File "/Users/jrmag/Projects/active/sdd-forge-wt-epic-189/plugins/sdd-quality-loop/scripts/canonicalize-sdd-yaml.py", line 590, in parse_block
    return parse_mapping(lines, i, indent)
  File "/Users/jrmag/Projects/active/sdd-forge-wt-epic-189/plugins/sdd-quality-loop/scripts/canonicalize-sdd-yaml.py", line 671, in parse_mapping
    i = _parse_mapping_entries(lines, i, indent, mapping)
  File "/Users/jrmag/Projects/active/sdd-forge-wt-epic-189/plugins/sdd-quality-loop/scripts/canonicalize-sdd-yaml.py", line 664, in _parse_mapping_entries
    value, i = _resolve_entry_value(lines, i, indent, val_str, line_no)
               ~~~~~~~~~~~~~~~~~~~~^^^^^^^^^^^^^^^^^^^^^^^^^^^^^^^^^^^^
  File "/Users/jrmag/Projects/active/sdd-forge-wt-epic-189/plugins/sdd-quality-loop/scripts/canonicalize-sdd-yaml.py", line 582, in _resolve_entry_value
    return parse_block(lines, i, lines[i].indent)
  File "/Users/jrmag/Projects/active/sdd-forge-wt-epic-189/plugins/sdd-quality-loop/scripts/canonicalize-sdd-yaml.py", line 590, in parse_block
    return parse_mapping(lines, i, indent)
  File "/Users/jrmag/Projects/active/sdd-forge-wt-epic-189/plugins/sdd-quality-loop/scripts/canonicalize-sdd-yaml.py", line 671, in parse_mapping
    i = _parse_mapping_entries(lines, i, indent, mapping)
  File "/Users/jrmag/Projects/active/sdd-forge-wt-epic-189/plugins/sdd-quality-loop/scripts/canonicalize-sdd-yaml.py", line 664, in _parse_mapping_entries
    value, i = _resolve_entry_value(lines, i, indent, val_str, line_no)
               ~~~~~~~~~~~~~~~~~~~~^^^^^^^^^^^^^^^^^^^^^^^^^^^^^^^^^^^^
  File "/Users/jrmag/Projects/active/sdd-forge-wt-epic-189/plugins/sdd-quality-loop/scripts/canonicalize-sdd-yaml.py", line 582, in _resolve_entry_value
    return parse_block(lines, i, lines[i].indent)
  File "/Users/jrmag/Projects/active/sdd-forge-wt-epic-189/plugins/sdd-quality-loop/scripts/canonicalize-sdd-yaml.py", line 590, in parse_block
    return parse_mapping(lines, i, indent)
  File "/Users/jrmag/Projects/active/sdd-forge-wt-epic-189/plugins/sdd-quality-loop/scripts/canonicalize-sdd-yaml.py", line 671, in parse_mapping
    i = _parse_mapping_entries(lines, i, indent, mapping)
  File "/Users/jrmag/Projects/active/sdd-forge-wt-epic-189/plugins/sdd-quality-loop/scripts/canonicalize-sdd-yaml.py", line 664, in _parse_mapping_entries
    value, i = _resolve_entry_value(lines, i, indent, val_str, line_no)
               ~~~~~~~~~~~~~~~~~~~~^^^^^^^^^^^^^^^^^^^^^^^^^^^^^^^^^^^^
  File "/Users/jrmag/Projects/active/sdd-forge-wt-epic-189/plugins/sdd-quality-loop/scripts/canonicalize-sdd-yaml.py", line 582, in _resolve_entry_value
    return parse_block(lines, i, lines[i].indent)
  File "/Users/jrmag/Projects/active/sdd-forge-wt-epic-189/plugins/sdd-quality-loop/scripts/canonicalize-sdd-yaml.py", line 590, in parse_block
    return parse_mapping(lines, i, indent)
  File "/Users/jrmag/Projects/active/sdd-forge-wt-epic-189/plugins/sdd-quality-loop/scripts/canonicalize-sdd-yaml.py", line 671, in parse_mapping
    i = _parse_mapping_entries(lines, i, indent, mapping)
  File "/Users/jrmag/Projects/active/sdd-forge-wt-epic-189/plugins/sdd-quality-loop/scripts/canonicalize-sdd-yaml.py", line 664, in _parse_mapping_entries
    value, i = _resolve_entry_value(lines, i, indent, val_str, line_no)
               ~~~~~~~~~~~~~~~~~~~~^^^^^^^^^^^^^^^^^^^^^^^^^^^^^^^^^^^^
  File "/Users/jrmag/Projects/active/sdd-forge-wt-epic-189/plugins/sdd-quality-loop/scripts/canonicalize-sdd-yaml.py", line 582, in _resolve_entry_value
    return parse_block(lines, i, lines[i].indent)
  File "/Users/jrmag/Projects/active/sdd-forge-wt-epic-189/plugins/sdd-quality-loop/scripts/canonicalize-sdd-yaml.py", line 590, in parse_block
    return parse_mapping(lines, i, indent)
  File "/Users/jrmag/Projects/active/sdd-forge-wt-epic-189/plugins/sdd-quality-loop/scripts/canonicalize-sdd-yaml.py", line 671, in parse_mapping
    i = _parse_mapping_entries(lines, i, indent, mapping)
  File "/Users/jrmag/Projects/active/sdd-forge-wt-epic-189/plugins/sdd-quality-loop/scripts/canonicalize-sdd-yaml.py", line 664, in _parse_mapping_entries
    value, i = _resolve_entry_value(lines, i, indent, val_str, line_no)
               ~~~~~~~~~~~~~~~~~~~~^^^^^^^^^^^^^^^^^^^^^^^^^^^^^^^^^^^^
  File "/Users/jrmag/Projects/active/sdd-forge-wt-epic-189/plugins/sdd-quality-loop/scripts/canonicalize-sdd-yaml.py", line 582, in _resolve_entry_value
    return parse_block(lines, i, lines[i].indent)
  File "/Users/jrmag/Projects/active/sdd-forge-wt-epic-189/plugins/sdd-quality-loop/scripts/canonicalize-sdd-yaml.py", line 590, in parse_block
    return parse_mapping(lines, i, indent)
  File "/Users/jrmag/Projects/active/sdd-forge-wt-epic-189/plugins/sdd-quality-loop/scripts/canonicalize-sdd-yaml.py", line 671, in parse_mapping
    i = _parse_mapping_entries(lines, i, indent, mapping)
  File "/Users/jrmag/Projects/active/sdd-forge-wt-epic-189/plugins/sdd-quality-loop/scripts/canonicalize-sdd-yaml.py", line 664, in _parse_mapping_entries
    value, i = _resolve_entry_value(lines, i, indent, val_str, line_no)
               ~~~~~~~~~~~~~~~~~~~~^^^^^^^^^^^^^^^^^^^^^^^^^^^^^^^^^^^^
  File "/Users/jrmag/Projects/active/sdd-forge-wt-epic-189/plugins/sdd-quality-loop/scripts/canonicalize-sdd-yaml.py", line 582, in _resolve_entry_value
    return parse_block(lines, i, lines[i].indent)
  File "/Users/jrmag/Projects/active/sdd-forge-wt-epic-189/plugins/sdd-quality-loop/scripts/canonicalize-sdd-yaml.py", line 590, in parse_block
    return parse_mapping(lines, i, indent)
  File "/Users/jrmag/Projects/active/sdd-forge-wt-epic-189/plugins/sdd-quality-loop/scripts/canonicalize-sdd-yaml.py", line 671, in parse_mapping
    i = _parse_mapping_entries(lines, i, indent, mapping)
  File "/Users/jrmag/Projects/active/sdd-forge-wt-epic-189/plugins/sdd-quality-loop/scripts/canonicalize-sdd-yaml.py", line 664, in _parse_mapping_entries
    value, i = _resolve_entry_value(lines, i, indent, val_str, line_no)
               ~~~~~~~~~~~~~~~~~~~~^^^^^^^^^^^^^^^^^^^^^^^^^^^^^^^^^^^^
  File "/Users/jrmag/Projects/active/sdd-forge-wt-epic-189/plugins/sdd-quality-loop/scripts/canonicalize-sdd-yaml.py", line 582, in _resolve_entry_value
    return parse_block(lines, i, lines[i].indent)
  File "/Users/jrmag/Projects/active/sdd-forge-wt-epic-189/plugins/sdd-quality-loop/scripts/canonicalize-sdd-yaml.py", line 590, in parse_block
    return parse_mapping(lines, i, indent)
  File "/Users/jrmag/Projects/active/sdd-forge-wt-epic-189/plugins/sdd-quality-loop/scripts/canonicalize-sdd-yaml.py", line 671, in parse_mapping
    i = _parse_mapping_entries(lines, i, indent, mapping)
  File "/Users/jrmag/Projects/active/sdd-forge-wt-epic-189/plugins/sdd-quality-loop/scripts/canonicalize-sdd-yaml.py", line 664, in _parse_mapping_entries
    value, i = _resolve_entry_value(lines, i, indent, val_str, line_no)
               ~~~~~~~~~~~~~~~~~~~~^^^^^^^^^^^^^^^^^^^^^^^^^^^^^^^^^^^^
  File "/Users/jrmag/Projects/active/sdd-forge-wt-epic-189/plugins/sdd-quality-loop/scripts/canonicalize-sdd-yaml.py", line 582, in _resolve_entry_value
    return parse_block(lines, i, lines[i].indent)
  File "/Users/jrmag/Projects/active/sdd-forge-wt-epic-189/plugins/sdd-quality-loop/scripts/canonicalize-sdd-yaml.py", line 590, in parse_block
    return parse_mapping(lines, i, indent)
  File "/Users/jrmag/Projects/active/sdd-forge-wt-epic-189/plugins/sdd-quality-loop/scripts/canonicalize-sdd-yaml.py", line 671, in parse_mapping
    i = _parse_mapping_entries(lines, i, indent, mapping)
  File "/Users/jrmag/Projects/active/sdd-forge-wt-epic-189/plugins/sdd-quality-loop/scripts/canonicalize-sdd-yaml.py", line 664, in _parse_mapping_entries
    value, i = _resolve_entry_value(lines, i, indent, val_str, line_no)
               ~~~~~~~~~~~~~~~~~~~~^^^^^^^^^^^^^^^^^^^^^^^^^^^^^^^^^^^^
  File "/Users/jrmag/Projects/active/sdd-forge-wt-epic-189/plugins/sdd-quality-loop/scripts/canonicalize-sdd-yaml.py", line 582, in _resolve_entry_value
    return parse_block(lines, i, lines[i].indent)
  File "/Users/jrmag/Projects/active/sdd-forge-wt-epic-189/plugins/sdd-quality-loop/scripts/canonicalize-sdd-yaml.py", line 590, in parse_block
    return parse_mapping(lines, i, indent)
  File "/Users/jrmag/Projects/active/sdd-forge-wt-epic-189/plugins/sdd-quality-loop/scripts/canonicalize-sdd-yaml.py", line 671, in parse_mapping
    i = _parse_mapping_entries(lines, i, indent, mapping)
  File "/Users/jrmag/Projects/active/sdd-forge-wt-epic-189/plugins/sdd-quality-loop/scripts/canonicalize-sdd-yaml.py", line 664, in _parse_mapping_entries
    value, i = _resolve_entry_value(lines, i, indent, val_str, line_no)
               ~~~~~~~~~~~~~~~~~~~~^^^^^^^^^^^^^^^^^^^^^^^^^^^^^^^^^^^^
  File "/Users/jrmag/Projects/active/sdd-forge-wt-epic-189/plugins/sdd-quality-loop/scripts/canonicalize-sdd-yaml.py", line 582, in _resolve_entry_value
    return parse_block(lines, i, lines[i].indent)
  File "/Users/jrmag/Projects/active/sdd-forge-wt-epic-189/plugins/sdd-quality-loop/scripts/canonicalize-sdd-yaml.py", line 590, in parse_block
    return parse_mapping(lines, i, indent)
  File "/Users/jrmag/Projects/active/sdd-forge-wt-epic-189/plugins/sdd-quality-loop/scripts/canonicalize-sdd-yaml.py", line 671, in parse_mapping
    i = _parse_mapping_entries(lines, i, indent, mapping)
  File "/Users/jrmag/Projects/active/sdd-forge-wt-epic-189/plugins/sdd-quality-loop/scripts/canonicalize-sdd-yaml.py", line 664, in _parse_mapping_entries
    value, i = _resolve_entry_value(lines, i, indent, val_str, line_no)
               ~~~~~~~~~~~~~~~~~~~~^^^^^^^^^^^^^^^^^^^^^^^^^^^^^^^^^^^^
  File "/Users/jrmag/Projects/active/sdd-forge-wt-epic-189/plugins/sdd-quality-loop/scripts/canonicalize-sdd-yaml.py", line 582, in _resolve_entry_value
    return parse_block(lines, i, lines[i].indent)
  File "/Users/jrmag/Projects/active/sdd-forge-wt-epic-189/plugins/sdd-quality-loop/scripts/canonicalize-sdd-yaml.py", line 590, in parse_block
    return parse_mapping(lines, i, indent)
  File "/Users/jrmag/Projects/active/sdd-forge-wt-epic-189/plugins/sdd-quality-loop/scripts/canonicalize-sdd-yaml.py", line 671, in parse_mapping
    i = _parse_mapping_entries(lines, i, indent, mapping)
  File "/Users/jrmag/Projects/active/sdd-forge-wt-epic-189/plugins/sdd-quality-loop/scripts/canonicalize-sdd-yaml.py", line 664, in _parse_mapping_entries
    value, i = _resolve_entry_value(lines, i, indent, val_str, line_no)
               ~~~~~~~~~~~~~~~~~~~~^^^^^^^^^^^^^^^^^^^^^^^^^^^^^^^^^^^^
  File "/Users/jrmag/Projects/active/sdd-forge-wt-epic-189/plugins/sdd-quality-loop/scripts/canonicalize-sdd-yaml.py", line 582, in _resolve_entry_value
    return parse_block(lines, i, lines[i].indent)
  File "/Users/jrmag/Projects/active/sdd-forge-wt-epic-189/plugins/sdd-quality-loop/scripts/canonicalize-sdd-yaml.py", line 590, in parse_block
    return parse_mapping(lines, i, indent)
  File "/Users/jrmag/Projects/active/sdd-forge-wt-epic-189/plugins/sdd-quality-loop/scripts/canonicalize-sdd-yaml.py", line 671, in parse_mapping
    i = _parse_mapping_entries(lines, i, indent, mapping)
  File "/Users/jrmag/Projects/active/sdd-forge-wt-epic-189/plugins/sdd-quality-loop/scripts/canonicalize-sdd-yaml.py", line 664, in _parse_mapping_entries
    value, i = _resolve_entry_value(lines, i, indent, val_str, line_no)
               ~~~~~~~~~~~~~~~~~~~~^^^^^^^^^^^^^^^^^^^^^^^^^^^^^^^^^^^^
  File "/Users/jrmag/Projects/active/sdd-forge-wt-epic-189/plugins/sdd-quality-loop/scripts/canonicalize-sdd-yaml.py", line 582, in _resolve_entry_value
    return parse_block(lines, i, lines[i].indent)
  File "/Users/jrmag/Projects/active/sdd-forge-wt-epic-189/plugins/sdd-quality-loop/scripts/canonicalize-sdd-yaml.py", line 590, in parse_block
    return parse_mapping(lines, i, indent)
  File "/Users/jrmag/Projects/active/sdd-forge-wt-epic-189/plugins/sdd-quality-loop/scripts/canonicalize-sdd-yaml.py", line 671, in parse_mapping
    i = _parse_mapping_entries(lines, i, indent, mapping)
  File "/Users/jrmag/Projects/active/sdd-forge-wt-epic-189/plugins/sdd-quality-loop/scripts/canonicalize-sdd-yaml.py", line 664, in _parse_mapping_entries
    value, i = _resolve_entry_value(lines, i, indent, val_str, line_no)
               ~~~~~~~~~~~~~~~~~~~~^^^^^^^^^^^^^^^^^^^^^^^^^^^^^^^^^^^^
  File "/Users/jrmag/Projects/active/sdd-forge-wt-epic-189/plugins/sdd-quality-loop/scripts/canonicalize-sdd-yaml.py", line 582, in _resolve_entry_value
    return parse_block(lines, i, lines[i].indent)
  File "/Users/jrmag/Projects/active/sdd-forge-wt-epic-189/plugins/sdd-quality-loop/scripts/canonicalize-sdd-yaml.py", line 590, in parse_block
    return parse_mapping(lines, i, indent)
  File "/Users/jrmag/Projects/active/sdd-forge-wt-epic-189/plugins/sdd-quality-loop/scripts/canonicalize-sdd-yaml.py", line 671, in parse_mapping
    i = _parse_mapping_entries(lines, i, indent, mapping)
  File "/Users/jrmag/Projects/active/sdd-forge-wt-epic-189/plugins/sdd-quality-loop/scripts/canonicalize-sdd-yaml.py", line 664, in _parse_mapping_entries
    value, i = _resolve_entry_value(lines, i, indent, val_str, line_no)
               ~~~~~~~~~~~~~~~~~~~~^^^^^^^^^^^^^^^^^^^^^^^^^^^^^^^^^^^^
  File "/Users/jrmag/Projects/active/sdd-forge-wt-epic-189/plugins/sdd-quality-loop/scripts/canonicalize-sdd-yaml.py", line 582, in _resolve_entry_value
    return parse_block(lines, i, lines[i].indent)
  File "/Users/jrmag/Projects/active/sdd-forge-wt-epic-189/plugins/sdd-quality-loop/scripts/canonicalize-sdd-yaml.py", line 590, in parse_block
    return parse_mapping(lines, i, indent)
  File "/Users/jrmag/Projects/active/sdd-forge-wt-epic-189/plugins/sdd-quality-loop/scripts/canonicalize-sdd-yaml.py", line 671, in parse_mapping
    i = _parse_mapping_entries(lines, i, indent, mapping)
  File "/Users/jrmag/Projects/active/sdd-forge-wt-epic-189/plugins/sdd-quality-loop/scripts/canonicalize-sdd-yaml.py", line 664, in _parse_mapping_entries
    value, i = _resolve_entry_value(lines, i, indent, val_str, line_no)
               ~~~~~~~~~~~~~~~~~~~~^^^^^^^^^^^^^^^^^^^^^^^^^^^^^^^^^^^^
  File "/Users/jrmag/Projects/active/sdd-forge-wt-epic-189/plugins/sdd-quality-loop/scripts/canonicalize-sdd-yaml.py", line 582, in _resolve_entry_value
    return parse_block(lines, i, lines[i].indent)
  File "/Users/jrmag/Projects/active/sdd-forge-wt-epic-189/plugins/sdd-quality-loop/scripts/canonicalize-sdd-yaml.py", line 590, in parse_block
    return parse_mapping(lines, i, indent)
  File "/Users/jrmag/Projects/active/sdd-forge-wt-epic-189/plugins/sdd-quality-loop/scripts/canonicalize-sdd-yaml.py", line 671, in parse_mapping
    i = _parse_mapping_entries(lines, i, indent, mapping)
  File "/Users/jrmag/Projects/active/sdd-forge-wt-epic-189/plugins/sdd-quality-loop/scripts/canonicalize-sdd-yaml.py", line 664, in _parse_mapping_entries
    value, i = _resolve_entry_value(lines, i, indent, val_str, line_no)
               ~~~~~~~~~~~~~~~~~~~~^^^^^^^^^^^^^^^^^^^^^^^^^^^^^^^^^^^^
  File "/Users/jrmag/Projects/active/sdd-forge-wt-epic-189/plugins/sdd-quality-loop/scripts/canonicalize-sdd-yaml.py", line 582, in _resolve_entry_value
    return parse_block(lines, i, lines[i].indent)
  File "/Users/jrmag/Projects/active/sdd-forge-wt-epic-189/plugins/sdd-quality-loop/scripts/canonicalize-sdd-yaml.py", line 588, in parse_block
    if is_sequence_item(lines[i].content):
       ~~~~~~~~~~~~~~~~^^^^^^^^^^^^^^^^^^
RecursionError: maximum recursion depth exceeded

PASS: TEST-REMEDY3(c) a nested '?' explicit key gets a construct-specific diagnostic
FAIL: TEST-REMEDY3(c) the nested '?' rejection names 'explicit-key' specifically: canonicalize-sdd-yaml: UNSUPPORTED_SYNTAX_REJECTED (line 2): expected a mapping entry ('key: value' or 'key:'); no unquoted ': ' separator found (hint: quote the scalar if this is meant as plain text)

PASS: TEST-REMEDY3(c) a nested '%' directive gets a construct-specific diagnostic
FAIL: TEST-REMEDY3(c) the nested '%' rejection names 'directive' specifically: canonicalize-sdd-yaml: UNSUPPORTED_SYNTAX_REJECTED (line 2): expected a mapping entry ('key: value' or 'key:'); no unquoted ': ' separator found (hint: quote the scalar if this is meant as plain text)

PASS: TEST-REMEDY3(c) mapping-side 'k:   v' still succeeds (deliberate, recorded non-change)
PASS: self-registration: tests/canonicalize-sdd-yaml.tests.sh registered in tests/run-all.sh
PASS: self-registration: tests/canonicalize-sdd-yaml.tests.ps1 registered in tests/run-all.ps1
PASS: 67
FAIL: 10
